Apr 19 12:04:57 TaqieAllahs-iMac-2 syslogd[131]: ASL Sender Statistics
Apr 19 12:15:37 TaqieAllahs-iMac-2 syslogd[131]: ASL Sender Statistics
Apr 19 12:27:18 TaqieAllahs-iMac-2 syslogd[131]: ASL Sender Statistics
Apr 19 12:33:35 TaqieAllahs-iMac-2 sessionlogoutd[2987]: DEAD_PROCESS: 205 console
Apr 19 12:41:12 localhost bootlog[0]: BOOT_TIME 1776627672 0
Apr 19 12:41:21 localhost syslogd[131]: Configuration Notice:
	ASL Module "com.apple.cdscheduler" claims selected messages.
	Those messages may not appear in standard system log files or in the ASL database.
Apr 19 12:41:21 localhost syslogd[131]: Configuration Notice:
	ASL Module "com.apple.install" claims selected messages.
	Those messages may not appear in standard system log files or in the ASL database.
Apr 19 12:41:21 localhost syslogd[131]: Configuration Notice:
	ASL Module "com.apple.authd" sharing output destination "/var/log/asl" with ASL Module "com.apple.asl".
	Output parameters from ASL Module "com.apple.asl" override any specified in ASL Module "com.apple.authd".
Apr 19 12:41:21 localhost syslogd[131]: Configuration Notice:
	ASL Module "com.apple.authd" sharing output destination "/var/log/system.log" with ASL Module "com.apple.asl".
	Output parameters from ASL Module "com.apple.asl" override any specified in ASL Module "com.apple.authd".
Apr 19 12:41:21 localhost syslogd[131]: Configuration Notice:
	ASL Module "com.apple.authd" claims selected messages.
	Those messages may not appear in standard system log files or in the ASL database.
Apr 19 12:41:21 localhost syslogd[131]: Configuration Notice:
	ASL Module "com.apple.eventmonitor" claims selected messages.
	Those messages may not appear in standard system log files or in the ASL database.
Apr 19 12:41:21 localhost syslogd[131]: Configuration Notice:
	ASL Module "com.apple.mail" claims selected messages.
	Those messages may not appear in standard system log files or in the ASL database.
Apr 19 12:41:21 localhost syslogd[131]: Configuration Notice:
	ASL Module "com.apple.performance" claims selected messages.
	Those messages may not appear in standard system log files or in the ASL database.
Apr 19 12:41:21 localhost syslogd[131]: Configuration Notice:
	ASL Module "com.apple.iokit.power" claims selected messages.
	Those messages may not appear in standard system log files or in the ASL database.
Apr 19 12:41:21 localhost syslogd[131]: Configuration Notice:
	ASL Module "com.apple.contacts.ContactsAutocomplete" claims selected messages.
	Those messages may not appear in standard system log files or in the ASL database.
Apr 19 12:41:21 localhost syslogd[131]: Configuration Notice:
	ASL Module "com.apple.mkb" sharing output destination "/private/var/log/keybagd.log" with ASL Module "com.apple.mkb.internal".
	Output parameters from ASL Module "com.apple.mkb.internal" override any specified in ASL Module "com.apple.mkb".
Apr 19 12:41:21 localhost syslogd[131]: Configuration Notice:
	ASL Module "com.apple.mkb" claims selected messages.
	Those messages may not appear in standard system log files or in the ASL database.
Apr 19 12:41:21 localhost syslogd[131]: Configuration Notice:
	ASL Module "com.apple.MessageTracer" claims selected messages.
	Those messages may not appear in standard system log files or in the ASL database.
Apr 19 12:41:21 localhost syslogd[131]: ASL Sender Statistics
Apr 19 12:41:44 TaqieAllahs-iMac-2 loginwindow[205]: USER_PROCESS: 205 console
Apr 19 12:52:15 TaqieAllahs-iMac-2 syslogd[131]: ASL Sender Statistics
Apr 19 13:02:21 TaqieAllahs-iMac-2 syslogd[131]: ASL Sender Statistics
Apr 19 13:14:31 TaqieAllahs-iMac-2 syslogd[131]: ASL Sender Statistics
Apr 19 13:30:50 TaqieAllahs-iMac-2 syslogd[131]: ASL Sender Statistics
Apr 19 13:40:55 TaqieAllahs-iMac-2 syslogd[131]: ASL Sender Statistics
Apr 19 13:56:00 TaqieAllahs-iMac-2 syslogd[131]: ASL Sender Statistics
Apr 19 14:21:14 TaqieAllahs-iMac-2 syslogd[131]: ASL Sender Statistics
Apr 19 14:21:21 TaqieAllahs-iMac-2 sessionlogoutd[7787]: DEAD_PROCESS: 205 console
Apr 19 14:21:21 TaqieAllahs-iMac-2 shutdown[7792]: SHUTDOWN_TIME: 1776633681 621606
Apr 20 05:35:00 localhost bootlog[0]: BOOT_TIME 1776688500 0
Apr 20 05:35:08 localhost syslogd[131]: Configuration Notice:
	ASL Module "com.apple.cdscheduler" claims selected messages.
	Those messages may not appear in standard system log files or in the ASL database.
Apr 20 05:35:08 localhost syslogd[131]: Configuration Notice:
	ASL Module "com.apple.install" claims selected messages.
	Those messages may not appear in standard system log files or in the ASL database.
Apr 20 05:35:08 localhost syslogd[131]: Configuration Notice:
	ASL Module "com.apple.authd" sharing output destination "/var/log/asl" with ASL Module "com.apple.asl".
	Output parameters from ASL Module "com.apple.asl" override any specified in ASL Module "com.apple.authd".
Apr 20 05:35:08 localhost syslogd[131]: Configuration Notice:
	ASL Module "com.apple.authd" sharing output destination "/var/log/system.log" with ASL Module "com.apple.asl".
	Output parameters from ASL Module "com.apple.asl" override any specified in ASL Module "com.apple.authd".
Apr 20 05:35:08 localhost syslogd[131]: Configuration Notice:
	ASL Module "com.apple.authd" claims selected messages.
	Those messages may not appear in standard system log files or in the ASL database.
Apr 20 05:35:08 localhost syslogd[131]: Configuration Notice:
	ASL Module "com.apple.eventmonitor" claims selected messages.
	Those messages may not appear in standard system log files or in the ASL database.
Apr 20 05:35:08 localhost syslogd[131]: Configuration Notice:
	ASL Module "com.apple.mail" claims selected messages.
	Those messages may not appear in standard system log files or in the ASL database.
Apr 20 05:35:08 localhost syslogd[131]: Configuration Notice:
	ASL Module "com.apple.performance" claims selected messages.
	Those messages may not appear in standard system log files or in the ASL database.
Apr 20 05:35:08 localhost syslogd[131]: Configuration Notice:
	ASL Module "com.apple.iokit.power" claims selected messages.
	Those messages may not appear in standard system log files or in the ASL database.
Apr 20 05:35:08 localhost syslogd[131]: Configuration Notice:
	ASL Module "com.apple.contacts.ContactsAutocomplete" claims selected messages.
	Those messages may not appear in standard system log files or in the ASL database.
Apr 20 05:35:08 localhost syslogd[131]: Configuration Notice:
	ASL Module "com.apple.mkb" sharing output destination "/private/var/log/keybagd.log" with ASL Module "com.apple.mkb.internal".
	Output parameters from ASL Module "com.apple.mkb.internal" override any specified in ASL Module "com.apple.mkb".
Apr 20 05:35:08 localhost syslogd[131]: Configuration Notice:
	ASL Module "com.apple.mkb" claims selected messages.
	Those messages may not appear in standard system log files or in the ASL database.
Apr 20 05:35:08 localhost syslogd[131]: Configuration Notice:
	ASL Module "com.apple.MessageTracer" claims selected messages.
	Those messages may not appear in standard system log files or in the ASL database.
Apr 20 05:35:08 localhost syslogd[131]: ASL Sender Statistics
Apr 20 05:35:38 TaqieAllahs-iMac-2 loginwindow[205]: USER_PROCESS: 205 console
Apr 20 05:49:54 localhost bootlog[0]: BOOT_TIME 1776689394 0
Apr 20 05:50:02 localhost syslogd[131]: Configuration Notice:
	ASL Module "com.apple.cdscheduler" claims selected messages.
	Those messages may not appear in standard system log files or in the ASL database.
Apr 20 05:50:02 localhost syslogd[131]: Configuration Notice:
	ASL Module "com.apple.install" claims selected messages.
	Those messages may not appear in standard system log files or in the ASL database.
Apr 20 05:50:02 localhost syslogd[131]: Configuration Notice:
	ASL Module "com.apple.authd" sharing output destination "/var/log/asl" with ASL Module "com.apple.asl".
	Output parameters from ASL Module "com.apple.asl" override any specified in ASL Module "com.apple.authd".
Apr 20 05:50:02 localhost syslogd[131]: Configuration Notice:
	ASL Module "com.apple.authd" sharing output destination "/var/log/system.log" with ASL Module "com.apple.asl".
	Output parameters from ASL Module "com.apple.asl" override any specified in ASL Module "com.apple.authd".
Apr 20 05:50:02 localhost syslogd[131]: Configuration Notice:
	ASL Module "com.apple.authd" claims selected messages.
	Those messages may not appear in standard system log files or in the ASL database.
Apr 20 05:50:02 localhost syslogd[131]: Configuration Notice:
	ASL Module "com.apple.eventmonitor" claims selected messages.
	Those messages may not appear in standard system log files or in the ASL database.
Apr 20 05:50:02 localhost syslogd[131]: Configuration Notice:
	ASL Module "com.apple.mail" claims selected messages.
	Those messages may not appear in standard system log files or in the ASL database.
Apr 20 05:50:02 localhost syslogd[131]: Configuration Notice:
	ASL Module "com.apple.performance" claims selected messages.
	Those messages may not appear in standard system log files or in the ASL database.
Apr 20 05:50:02 localhost syslogd[131]: Configuration Notice:
	ASL Module "com.apple.iokit.power" claims selected messages.
	Those messages may not appear in standard system log files or in the ASL database.
Apr 20 05:50:02 localhost syslogd[131]: Configuration Notice:
	ASL Module "com.apple.contacts.ContactsAutocomplete" claims selected messages.
	Those messages may not appear in standard system log files or in the ASL database.
Apr 20 05:50:02 localhost syslogd[131]: Configuration Notice:
	ASL Module "com.apple.mkb" sharing output destination "/private/var/log/keybagd.log" with ASL Module "com.apple.mkb.internal".
	Output parameters from ASL Module "com.apple.mkb.internal" override any specified in ASL Module "com.apple.mkb".
Apr 20 05:50:02 localhost syslogd[131]: Configuration Notice:
	ASL Module "com.apple.mkb" claims selected messages.
	Those messages may not appear in standard system log files or in the ASL database.
Apr 20 05:50:02 localhost syslogd[131]: Configuration Notice:
	ASL Module "com.apple.MessageTracer" claims selected messages.
	Those messages may not appear in standard system log files or in the ASL database.
Apr 20 05:50:02 localhost syslogd[131]: ASL Sender Statistics
Apr 20 05:50:24 TaqieAllahs-iMac-2 loginwindow[205]: USER_PROCESS: 205 console
Apr 20 06:01:17 TaqieAllahs-iMac-2 syslogd[131]: ASL Sender Statistics
Apr 20 06:13:55 TaqieAllahs-iMac-2 syslogd[131]: ASL Sender Statistics
Apr 20 06:24:49 TaqieAllahs-iMac-2 syslogd[131]: ASL Sender Statistics
Apr 20 06:34:59 TaqieAllahs-iMac-2 syslogd[131]: ASL Sender Statistics
Apr 20 06:45:01 TaqieAllahs-iMac-2 syslogd[131]: ASL Sender Statistics
Apr 20 07:15:51 TaqieAllahs-iMac-2 syslogd[131]: ASL Sender Statistics
Apr 20 07:26:13 TaqieAllahs-iMac-2 syslogd[131]: ASL Sender Statistics
Apr 20 07:39:35 TaqieAllahs-iMac-2 syslogd[131]: ASL Sender Statistics
Apr 20 07:52:29 TaqieAllahs-iMac-2 syslogd[131]: ASL Sender Statistics
Apr 20 08:04:16 TaqieAllahs-iMac-2 syslogd[131]: ASL Sender Statistics
Apr 20 08:14:22 TaqieAllahs-iMac-2 syslogd[131]: ASL Sender Statistics
Apr 20 08:15:17 TaqieAllahs-iMac-2 sessionlogoutd[12439]: DEAD_PROCESS: 205 console
Apr 20 08:15:18 TaqieAllahs-iMac-2 shutdown[12443]: SHUTDOWN_TIME: 1776698118 172694
Apr 20 08:47:13 localhost bootlog[0]: BOOT_TIME 1776700033 0
Apr 20 08:47:21 localhost syslogd[131]: Configuration Notice:
	ASL Module "com.apple.cdscheduler" claims selected messages.
	Those messages may not appear in standard system log files or in the ASL database.
Apr 20 08:47:21 localhost syslogd[131]: Configuration Notice:
	ASL Module "com.apple.install" claims selected messages.
	Those messages may not appear in standard system log files or in the ASL database.
Apr 20 08:47:21 localhost syslogd[131]: Configuration Notice:
	ASL Module "com.apple.authd" sharing output destination "/var/log/asl" with ASL Module "com.apple.asl".
	Output parameters from ASL Module "com.apple.asl" override any specified in ASL Module "com.apple.authd".
Apr 20 08:47:21 localhost syslogd[131]: Configuration Notice:
	ASL Module "com.apple.authd" sharing output destination "/var/log/system.log" with ASL Module "com.apple.asl".
	Output parameters from ASL Module "com.apple.asl" override any specified in ASL Module "com.apple.authd".
Apr 20 08:47:21 localhost syslogd[131]: Configuration Notice:
	ASL Module "com.apple.authd" claims selected messages.
	Those messages may not appear in standard system log files or in the ASL database.
Apr 20 08:47:21 localhost syslogd[131]: Configuration Notice:
	ASL Module "com.apple.eventmonitor" claims selected messages.
	Those messages may not appear in standard system log files or in the ASL database.
Apr 20 08:47:21 localhost syslogd[131]: Configuration Notice:
	ASL Module "com.apple.mail" claims selected messages.
	Those messages may not appear in standard system log files or in the ASL database.
Apr 20 08:47:21 localhost syslogd[131]: Configuration Notice:
	ASL Module "com.apple.performance" claims selected messages.
	Those messages may not appear in standard system log files or in the ASL database.
Apr 20 08:47:21 localhost syslogd[131]: Configuration Notice:
	ASL Module "com.apple.iokit.power" claims selected messages.
	Those messages may not appear in standard system log files or in the ASL database.
Apr 20 08:47:21 localhost syslogd[131]: Configuration Notice:
	ASL Module "com.apple.contacts.ContactsAutocomplete" claims selected messages.
	Those messages may not appear in standard system log files or in the ASL database.
Apr 20 08:47:21 localhost syslogd[131]: Configuration Notice:
	ASL Module "com.apple.mkb" sharing output destination "/private/var/log/keybagd.log" with ASL Module "com.apple.mkb.internal".
	Output parameters from ASL Module "com.apple.mkb.internal" override any specified in ASL Module "com.apple.mkb".
Apr 20 08:47:21 localhost syslogd[131]: Configuration Notice:
	ASL Module "com.apple.mkb" claims selected messages.
	Those messages may not appear in standard system log files or in the ASL database.
Apr 20 08:47:21 localhost syslogd[131]: Configuration Notice:
	ASL Module "com.apple.MessageTracer" claims selected messages.
	Those messages may not appear in standard system log files or in the ASL database.
Apr 20 08:47:21 localhost syslogd[131]: ASL Sender Statistics
Apr 20 08:47:48 TaqieAllahs-iMac-2 loginwindow[205]: USER_PROCESS: 205 console
Apr 20 08:58:08 TaqieAllahs-iMac-2 syslogd[131]: ASL Sender Statistics
Apr 20 09:08:58 TaqieAllahs-iMac-2 syslogd[131]: ASL Sender Statistics
Apr 20 09:10:07 TaqieAllahs-iMac-2 sessionlogoutd[1095]: DEAD_PROCESS: 205 console
Apr 20 09:10:07 TaqieAllahs-iMac-2 shutdown[1097]: SHUTDOWN_TIME: 1776701407 859805
Apr 21 01:15:52 localhost bootlog[0]: BOOT_TIME 1776759352 0
Apr 21 01:16:00 localhost syslogd[131]: Configuration Notice:
	ASL Module "com.apple.cdscheduler" claims selected messages.
	Those messages may not appear in standard system log files or in the ASL database.
Apr 21 01:16:00 localhost syslogd[131]: Configuration Notice:
	ASL Module "com.apple.install" claims selected messages.
	Those messages may not appear in standard system log files or in the ASL database.
Apr 21 01:16:00 localhost syslogd[131]: Configuration Notice:
	ASL Module "com.apple.authd" sharing output destination "/var/log/asl" with ASL Module "com.apple.asl".
	Output parameters from ASL Module "com.apple.asl" override any specified in ASL Module "com.apple.authd".
Apr 21 01:16:00 localhost syslogd[131]: Configuration Notice:
	ASL Module "com.apple.authd" sharing output destination "/var/log/system.log" with ASL Module "com.apple.asl".
	Output parameters from ASL Module "com.apple.asl" override any specified in ASL Module "com.apple.authd".
Apr 21 01:16:00 localhost syslogd[131]: Configuration Notice:
	ASL Module "com.apple.authd" claims selected messages.
	Those messages may not appear in standard system log files or in the ASL database.
Apr 21 01:16:00 localhost syslogd[131]: Configuration Notice:
	ASL Module "com.apple.eventmonitor" claims selected messages.
	Those messages may not appear in standard system log files or in the ASL database.
Apr 21 01:16:00 localhost syslogd[131]: Configuration Notice:
	ASL Module "com.apple.mail" claims selected messages.
	Those messages may not appear in standard system log files or in the ASL database.
Apr 21 01:16:00 localhost syslogd[131]: Configuration Notice:
	ASL Module "com.apple.performance" claims selected messages.
	Those messages may not appear in standard system log files or in the ASL database.
Apr 21 01:16:00 localhost syslogd[131]: Configuration Notice:
	ASL Module "com.apple.iokit.power" claims selected messages.
	Those messages may not appear in standard system log files or in the ASL database.
Apr 21 01:16:00 localhost syslogd[131]: Configuration Notice:
	ASL Module "com.apple.contacts.ContactsAutocomplete" claims selected messages.
	Those messages may not appear in standard system log files or in the ASL database.
Apr 21 01:16:00 localhost syslogd[131]: Configuration Notice:
	ASL Module "com.apple.mkb" sharing output destination "/private/var/log/keybagd.log" with ASL Module "com.apple.mkb.internal".
	Output parameters from ASL Module "com.apple.mkb.internal" override any specified in ASL Module "com.apple.mkb".
Apr 21 01:16:00 localhost syslogd[131]: Configuration Notice:
	ASL Module "com.apple.mkb" claims selected messages.
	Those messages may not appear in standard system log files or in the ASL database.
Apr 21 01:16:00 localhost syslogd[131]: Configuration Notice:
	ASL Module "com.apple.MessageTracer" claims selected messages.
	Those messages may not appear in standard system log files or in the ASL database.
Apr 21 01:16:00 localhost syslogd[131]: ASL Sender Statistics
Apr 21 01:16:26 TaqieAllahs-iMac-2 loginwindow[205]: USER_PROCESS: 205 console
Apr 21 01:17:26 TaqieAllahs-iMac-2 sessionlogoutd[766]: DEAD_PROCESS: 205 console
Apr 21 01:17:26 TaqieAllahs-iMac-2 shutdown[769]: SHUTDOWN_TIME: 1776759446 675499
Apr 21 01:21:32 localhost bootlog[0]: BOOT_TIME 1776759692 0
Apr 21 01:21:41 localhost syslogd[131]: Configuration Notice:
	ASL Module "com.apple.cdscheduler" claims selected messages.
	Those messages may not appear in standard system log files or in the ASL database.
Apr 21 01:21:41 localhost syslogd[131]: Configuration Notice:
	ASL Module "com.apple.install" claims selected messages.
	Those messages may not appear in standard system log files or in the ASL database.
Apr 21 01:21:41 localhost syslogd[131]: Configuration Notice:
	ASL Module "com.apple.authd" sharing output destination "/var/log/asl" with ASL Module "com.apple.asl".
	Output parameters from ASL Module "com.apple.asl" override any specified in ASL Module "com.apple.authd".
Apr 21 01:21:41 localhost syslogd[131]: Configuration Notice:
	ASL Module "com.apple.authd" sharing output destination "/var/log/system.log" with ASL Module "com.apple.asl".
	Output parameters from ASL Module "com.apple.asl" override any specified in ASL Module "com.apple.authd".
Apr 21 01:21:41 localhost syslogd[131]: Configuration Notice:
	ASL Module "com.apple.authd" claims selected messages.
	Those messages may not appear in standard system log files or in the ASL database.
Apr 21 01:21:41 localhost syslogd[131]: Configuration Notice:
	ASL Module "com.apple.eventmonitor" claims selected messages.
	Those messages may not appear in standard system log files or in the ASL database.
Apr 21 01:21:41 localhost syslogd[131]: Configuration Notice:
	ASL Module "com.apple.mail" claims selected messages.
	Those messages may not appear in standard system log files or in the ASL database.
Apr 21 01:21:41 localhost syslogd[131]: Configuration Notice:
	ASL Module "com.apple.performance" claims selected messages.
	Those messages may not appear in standard system log files or in the ASL database.
Apr 21 01:21:41 localhost syslogd[131]: Configuration Notice:
	ASL Module "com.apple.iokit.power" claims selected messages.
	Those messages may not appear in standard system log files or in the ASL database.
Apr 21 01:21:41 localhost syslogd[131]: Configuration Notice:
	ASL Module "com.apple.contacts.ContactsAutocomplete" claims selected messages.
	Those messages may not appear in standard system log files or in the ASL database.
Apr 21 01:21:41 localhost syslogd[131]: Configuration Notice:
	ASL Module "com.apple.mkb" sharing output destination "/private/var/log/keybagd.log" with ASL Module "com.apple.mkb.internal".
	Output parameters from ASL Module "com.apple.mkb.internal" override any specified in ASL Module "com.apple.mkb".
Apr 21 01:21:41 localhost syslogd[131]: Configuration Notice:
	ASL Module "com.apple.mkb" claims selected messages.
	Those messages may not appear in standard system log files or in the ASL database.
Apr 21 01:21:41 localhost syslogd[131]: Configuration Notice:
	ASL Module "com.apple.MessageTracer" claims selected messages.
	Those messages may not appear in standard system log files or in the ASL database.
Apr 21 01:21:41 localhost syslogd[131]: ASL Sender Statistics
Apr 21 01:22:00 TaqieAllahs-iMac-2 loginwindow[205]: USER_PROCESS: 205 console
Apr 21 01:42:09 TaqieAllahs-iMac-3 syslogd[131]: ASL Sender Statistics
Apr 21 01:56:55 TaqieAllahs-iMac-3 syslogd[131]: ASL Sender Statistics
Apr 21 02:07:09 TaqieAllahs-iMac-3 syslogd[131]: ASL Sender Statistics
Apr 21 02:39:30 TaqieAllahs-iMac-3 syslogd[131]: ASL Sender Statistics
Apr 21 02:49:56 TaqieAllahs-iMac-3 syslogd[131]: ASL Sender Statistics
Apr 21 03:00:29 TaqieAllahs-iMac-3 syslogd[131]: ASL Sender Statistics
Apr 21 03:10:35 TaqieAllahs-iMac-3 syslogd[131]: ASL Sender Statistics
Apr 21 03:27:17 TaqieAllahs-iMac-3 syslogd[131]: ASL Sender Statistics
Apr 21 03:43:16 TaqieAllahs-iMac-3 syslogd[131]: ASL Sender Statistics
Apr 21 05:12:46 TaqieAllahs-iMac-3 syslogd[131]: ASL Sender Statistics
Apr 21 05:15:54 TaqieAllahs-iMac-3 sessionlogoutd[6387]: DEAD_PROCESS: 205 console
Apr 21 05:15:54 TaqieAllahs-iMac-3 shutdown[6388]: SHUTDOWN_TIME: 1776773754 922973
Apr 21 14:58:23 localhost bootlog[0]: BOOT_TIME 1776808703 0
Apr 21 14:58:31 localhost syslogd[133]: Configuration Notice:
	ASL Module "com.apple.cdscheduler" claims selected messages.
	Those messages may not appear in standard system log files or in the ASL database.
Apr 21 14:58:31 localhost syslogd[133]: Configuration Notice:
	ASL Module "com.apple.install" claims selected messages.
	Those messages may not appear in standard system log files or in the ASL database.
Apr 21 14:58:31 localhost syslogd[133]: Configuration Notice:
	ASL Module "com.apple.authd" sharing output destination "/var/log/asl" with ASL Module "com.apple.asl".
	Output parameters from ASL Module "com.apple.asl" override any specified in ASL Module "com.apple.authd".
Apr 21 14:58:31 localhost syslogd[133]: Configuration Notice:
	ASL Module "com.apple.authd" sharing output destination "/var/log/system.log" with ASL Module "com.apple.asl".
	Output parameters from ASL Module "com.apple.asl" override any specified in ASL Module "com.apple.authd".
Apr 21 14:58:31 localhost syslogd[133]: Configuration Notice:
	ASL Module "com.apple.authd" claims selected messages.
	Those messages may not appear in standard system log files or in the ASL database.
Apr 21 14:58:31 localhost syslogd[133]: Configuration Notice:
	ASL Module "com.apple.eventmonitor" claims selected messages.
	Those messages may not appear in standard system log files or in the ASL database.
Apr 21 14:58:31 localhost syslogd[133]: Configuration Notice:
	ASL Module "com.apple.mail" claims selected messages.
	Those messages may not appear in standard system log files or in the ASL database.
Apr 21 14:58:31 localhost syslogd[133]: Configuration Notice:
	ASL Module "com.apple.performance" claims selected messages.
	Those messages may not appear in standard system log files or in the ASL database.
Apr 21 14:58:31 localhost syslogd[133]: Configuration Notice:
	ASL Module "com.apple.iokit.power" claims selected messages.
	Those messages may not appear in standard system log files or in the ASL database.
Apr 21 14:58:31 localhost syslogd[133]: Configuration Notice:
	ASL Module "com.apple.contacts.ContactsAutocomplete" claims selected messages.
	Those messages may not appear in standard system log files or in the ASL database.
Apr 21 14:58:31 localhost syslogd[133]: Configuration Notice:
	ASL Module "com.apple.mkb" sharing output destination "/private/var/log/keybagd.log" with ASL Module "com.apple.mkb.internal".
	Output parameters from ASL Module "com.apple.mkb.internal" override any specified in ASL Module "com.apple.mkb".
Apr 21 14:58:31 localhost syslogd[133]: Configuration Notice:
	ASL Module "com.apple.mkb" claims selected messages.
	Those messages may not appear in standard system log files or in the ASL database.
Apr 21 14:58:31 localhost syslogd[133]: Configuration Notice:
	ASL Module "com.apple.MessageTracer" claims selected messages.
	Those messages may not appear in standard system log files or in the ASL database.
Apr 21 14:58:31 localhost syslogd[133]: ASL Sender Statistics
Apr 21 14:58:52 TaqieAllahs-iMac-3 loginwindow[209]: USER_PROCESS: 209 console
Apr 21 15:08:33 TaqieAllahs-iMac-3 syslogd[133]: ASL Sender Statistics
Apr 21 15:17:30 TaqieAllahs-iMac-3 sessionlogoutd[1670]: DEAD_PROCESS: 209 console
Apr 21 15:19:12 localhost bootlog[0]: BOOT_TIME 1776809952 0
Apr 21 15:19:21 localhost syslogd[133]: Configuration Notice:
	ASL Module "com.apple.cdscheduler" claims selected messages.
	Those messages may not appear in standard system log files or in the ASL database.
Apr 21 15:19:21 localhost syslogd[133]: Configuration Notice:
	ASL Module "com.apple.install" claims selected messages.
	Those messages may not appear in standard system log files or in the ASL database.
Apr 21 15:19:21 localhost syslogd[133]: Configuration Notice:
	ASL Module "com.apple.authd" sharing output destination "/var/log/asl" with ASL Module "com.apple.asl".
	Output parameters from ASL Module "com.apple.asl" override any specified in ASL Module "com.apple.authd".
Apr 21 15:19:21 localhost syslogd[133]: Configuration Notice:
	ASL Module "com.apple.authd" sharing output destination "/var/log/system.log" with ASL Module "com.apple.asl".
	Output parameters from ASL Module "com.apple.asl" override any specified in ASL Module "com.apple.authd".
Apr 21 15:19:21 localhost syslogd[133]: Configuration Notice:
	ASL Module "com.apple.authd" claims selected messages.
	Those messages may not appear in standard system log files or in the ASL database.
Apr 21 15:19:21 localhost syslogd[133]: Configuration Notice:
	ASL Module "com.apple.eventmonitor" claims selected messages.
	Those messages may not appear in standard system log files or in the ASL database.
Apr 21 15:19:21 localhost syslogd[133]: Configuration Notice:
	ASL Module "com.apple.mail" claims selected messages.
	Those messages may not appear in standard system log files or in the ASL database.
Apr 21 15:19:21 localhost syslogd[133]: Configuration Notice:
	ASL Module "com.apple.performance" claims selected messages.
	Those messages may not appear in standard system log files or in the ASL database.
Apr 21 15:19:21 localhost syslogd[133]: Configuration Notice:
	ASL Module "com.apple.iokit.power" claims selected messages.
	Those messages may not appear in standard system log files or in the ASL database.
Apr 21 15:19:21 localhost syslogd[133]: Configuration Notice:
	ASL Module "com.apple.contacts.ContactsAutocomplete" claims selected messages.
	Those messages may not appear in standard system log files or in the ASL database.
Apr 21 15:19:21 localhost syslogd[133]: Configuration Notice:
	ASL Module "com.apple.mkb" sharing output destination "/private/var/log/keybagd.log" with ASL Module "com.apple.mkb.internal".
	Output parameters from ASL Module "com.apple.mkb.internal" override any specified in ASL Module "com.apple.mkb".
Apr 21 15:19:21 localhost syslogd[133]: Configuration Notice:
	ASL Module "com.apple.mkb" claims selected messages.
	Those messages may not appear in standard system log files or in the ASL database.
Apr 21 15:19:21 localhost syslogd[133]: Configuration Notice:
	ASL Module "com.apple.MessageTracer" claims selected messages.
	Those messages may not appear in standard system log files or in the ASL database.
Apr 21 15:19:21 localhost syslogd[133]: ASL Sender Statistics
Apr 21 15:19:42 TaqieAllahs-iMac-3 loginwindow[208]: USER_PROCESS: 208 console
Apr 21 15:38:11 TaqieAllahs-iMac-3 syslogd[133]: ASL Sender Statistics
Apr 21 15:56:04 TaqieAllahs-iMac-3 syslogd[133]: ASL Sender Statistics
Apr 21 16:09:43 TaqieAllahs-iMac-3 syslogd[133]: ASL Sender Statistics
Apr 21 16:09:50 TaqieAllahs-iMac-3 sessionlogoutd[3455]: DEAD_PROCESS: 208 console
Apr 21 16:09:50 TaqieAllahs-iMac-3 shutdown[3460]: SHUTDOWN_TIME: 1776812990 824530
Apr 22 01:39:59 localhost bootlog[0]: BOOT_TIME 1776847199 0
Apr 22 01:40:07 localhost syslogd[133]: Configuration Notice:
	ASL Module "com.apple.cdscheduler" claims selected messages.
	Those messages may not appear in standard system log files or in the ASL database.
Apr 22 01:40:07 localhost syslogd[133]: Configuration Notice:
	ASL Module "com.apple.install" claims selected messages.
	Those messages may not appear in standard system log files or in the ASL database.
Apr 22 01:40:07 localhost syslogd[133]: Configuration Notice:
	ASL Module "com.apple.authd" sharing output destination "/var/log/asl" with ASL Module "com.apple.asl".
	Output parameters from ASL Module "com.apple.asl" override any specified in ASL Module "com.apple.authd".
Apr 22 01:40:07 localhost syslogd[133]: Configuration Notice:
	ASL Module "com.apple.authd" sharing output destination "/var/log/system.log" with ASL Module "com.apple.asl".
	Output parameters from ASL Module "com.apple.asl" override any specified in ASL Module "com.apple.authd".
Apr 22 01:40:07 localhost syslogd[133]: Configuration Notice:
	ASL Module "com.apple.authd" claims selected messages.
	Those messages may not appear in standard system log files or in the ASL database.
Apr 22 01:40:07 localhost syslogd[133]: Configuration Notice:
	ASL Module "com.apple.eventmonitor" claims selected messages.
	Those messages may not appear in standard system log files or in the ASL database.
Apr 22 01:40:07 localhost syslogd[133]: Configuration Notice:
	ASL Module "com.apple.mail" claims selected messages.
	Those messages may not appear in standard system log files or in the ASL database.
Apr 22 01:40:07 localhost syslogd[133]: Configuration Notice:
	ASL Module "com.apple.performance" claims selected messages.
	Those messages may not appear in standard system log files or in the ASL database.
Apr 22 01:40:07 localhost syslogd[133]: Configuration Notice:
	ASL Module "com.apple.iokit.power" claims selected messages.
	Those messages may not appear in standard system log files or in the ASL database.
Apr 22 01:40:07 localhost syslogd[133]: Configuration Notice:
	ASL Module "com.apple.contacts.ContactsAutocomplete" claims selected messages.
	Those messages may not appear in standard system log files or in the ASL database.
Apr 22 01:40:07 localhost syslogd[133]: Configuration Notice:
	ASL Module "com.apple.mkb" sharing output destination "/private/var/log/keybagd.log" with ASL Module "com.apple.mkb.internal".
	Output parameters from ASL Module "com.apple.mkb.internal" override any specified in ASL Module "com.apple.mkb".
Apr 22 01:40:07 localhost syslogd[133]: Configuration Notice:
	ASL Module "com.apple.mkb" claims selected messages.
	Those messages may not appear in standard system log files or in the ASL database.
Apr 22 01:40:07 localhost syslogd[133]: Configuration Notice:
	ASL Module "com.apple.MessageTracer" claims selected messages.
	Those messages may not appear in standard system log files or in the ASL database.
Apr 22 01:40:07 localhost syslogd[133]: ASL Sender Statistics
Apr 22 01:40:28 TaqieAllahs-iMac-3 loginwindow[208]: USER_PROCESS: 208 console
Apr 22 01:51:43 TaqieAllahs-iMac-3 syslogd[133]: ASL Sender Statistics
Apr 22 02:08:53 TaqieAllahs-iMac-3 syslogd[133]: ASL Sender Statistics
Apr 22 02:20:43 TaqieAllahs-iMac-3 syslogd[133]: ASL Sender Statistics
Apr 22 02:42:30 TaqieAllahs-iMac-3 syslogd[133]: ASL Sender Statistics
Apr 22 02:54:37 TaqieAllahs-iMac-3 syslogd[133]: ASL Sender Statistics
Apr 22 03:10:39 TaqieAllahs-iMac-3 syslogd[133]: ASL Sender Statistics
Apr 22 03:24:05 TaqieAllahs-iMac-3 syslogd[133]: ASL Sender Statistics
Apr 22 03:37:27 TaqieAllahs-iMac-3 syslogd[133]: ASL Sender Statistics
Apr 22 03:41:03 TaqieAllahs-iMac-3 login[3773]: USER_PROCESS: 3773 ttys000
Apr 22 03:48:00 TaqieAllahs-iMac-3 syslogd[133]: ASL Sender Statistics
Apr 22 03:59:27 TaqieAllahs-iMac-3 syslogd[133]: ASL Sender Statistics
Apr 22 04:10:40 TaqieAllahs-iMac-3 syslogd[133]: ASL Sender Statistics
Apr 22 04:15:54 TaqieAllahs-iMac-3 login[3773]: DEAD_PROCESS: 3773 ttys000
Apr 22 04:22:36 TaqieAllahs-iMac-3 syslogd[133]: ASL Sender Statistics
Apr 22 04:33:07 TaqieAllahs-iMac-3 syslogd[133]: ASL Sender Statistics
Apr 22 04:33:11 TaqieAllahs-iMac-3 sessionlogoutd[4512]: DEAD_PROCESS: 208 console
Apr 22 04:33:11 TaqieAllahs-iMac-3 shutdown[4513]: SHUTDOWN_TIME: 1776857591 391828
Apr 27 03:25:33 localhost bootlog[0]: BOOT_TIME 1777285533 0
Apr 27 03:25:41 localhost syslogd[133]: Configuration Notice:
	ASL Module "com.apple.cdscheduler" claims selected messages.
	Those messages may not appear in standard system log files or in the ASL database.
Apr 27 03:25:41 localhost syslogd[133]: Configuration Notice:
	ASL Module "com.apple.install" claims selected messages.
	Those messages may not appear in standard system log files or in the ASL database.
Apr 27 03:25:41 localhost syslogd[133]: Configuration Notice:
	ASL Module "com.apple.authd" sharing output destination "/var/log/asl" with ASL Module "com.apple.asl".
	Output parameters from ASL Module "com.apple.asl" override any specified in ASL Module "com.apple.authd".
Apr 27 03:25:41 localhost syslogd[133]: Configuration Notice:
	ASL Module "com.apple.authd" sharing output destination "/var/log/system.log" with ASL Module "com.apple.asl".
	Output parameters from ASL Module "com.apple.asl" override any specified in ASL Module "com.apple.authd".
Apr 27 03:25:41 localhost syslogd[133]: Configuration Notice:
	ASL Module "com.apple.authd" claims selected messages.
	Those messages may not appear in standard system log files or in the ASL database.
Apr 27 03:25:41 localhost syslogd[133]: Configuration Notice:
	ASL Module "com.apple.eventmonitor" claims selected messages.
	Those messages may not appear in standard system log files or in the ASL database.
Apr 27 03:25:41 localhost syslogd[133]: Configuration Notice:
	ASL Module "com.apple.mail" claims selected messages.
	Those messages may not appear in standard system log files or in the ASL database.
Apr 27 03:25:41 localhost syslogd[133]: Configuration Notice:
	ASL Module "com.apple.performance" claims selected messages.
	Those messages may not appear in standard system log files or in the ASL database.
Apr 27 03:25:41 localhost syslogd[133]: Configuration Notice:
	ASL Module "com.apple.iokit.power" claims selected messages.
	Those messages may not appear in standard system log files or in the ASL database.
Apr 27 03:25:41 localhost syslogd[133]: Configuration Notice:
	ASL Module "com.apple.contacts.ContactsAutocomplete" claims selected messages.
	Those messages may not appear in standard system log files or in the ASL database.
Apr 27 03:25:41 localhost syslogd[133]: Configuration Notice:
	ASL Module "com.apple.mkb" sharing output destination "/private/var/log/keybagd.log" with ASL Module "com.apple.mkb.internal".
	Output parameters from ASL Module "com.apple.mkb.internal" override any specified in ASL Module "com.apple.mkb".
Apr 27 03:25:41 localhost syslogd[133]: Configuration Notice:
	ASL Module "com.apple.mkb" claims selected messages.
	Those messages may not appear in standard system log files or in the ASL database.
Apr 27 03:25:41 localhost syslogd[133]: Configuration Notice:
	ASL Module "com.apple.MessageTracer" claims selected messages.
	Those messages may not appear in standard system log files or in the ASL database.
Apr 27 03:25:41 localhost syslogd[133]: ASL Sender Statistics
Apr 27 03:26:07 TaqieAllahs-iMac-3 loginwindow[208]: USER_PROCESS: 208 console
Apr 27 03:37:42 TaqieAllahs-iMac-3 syslogd[133]: ASL Sender Statistics
Apr 27 03:51:54 TaqieAllahs-iMac-3 syslogd[133]: ASL Sender Statistics
Apr 27 04:02:11 TaqieAllahs-iMac-3 login[3495]: USER_PROCESS: 3495 ttys003
Apr 27 04:02:11 TaqieAllahs-iMac-3 syslogd[133]: ASL Sender Statistics
Apr 27 04:16:18 TaqieAllahs-iMac-3 syslogd[133]: ASL Sender Statistics
Apr 27 04:17:35 TaqieAllahs-iMac-3 login[3495]: DEAD_PROCESS: 3495 ttys003
Apr 27 04:40:54 TaqieAllahs-iMac-3 syslogd[133]: ASL Sender Statistics
Apr 27 04:52:11 TaqieAllahs-iMac-3 syslogd[133]: ASL Sender Statistics
Apr 27 05:04:23 TaqieAllahs-iMac-3 syslogd[133]: ASL Sender Statistics
Apr 27 05:32:55 TaqieAllahs-iMac-3 syslogd[133]: ASL Sender Statistics
Apr 27 05:48:01 TaqieAllahs-iMac-3 syslogd[133]: ASL Sender Statistics
Apr 27 05:58:14 TaqieAllahs-iMac-3 syslogd[133]: ASL Sender Statistics
Apr 27 05:58:19 TaqieAllahs-iMac-3 sessionlogoutd[11542]: DEAD_PROCESS: 208 console
Apr 27 05:58:19 TaqieAllahs-iMac-3 shutdown[11546]: SHUTDOWN_TIME: 1777294699 869046
Apr 27 21:03:11 localhost bootlog[0]: BOOT_TIME 1777348991 0
Apr 27 21:03:19 localhost syslogd[133]: Configuration Notice:
	ASL Module "com.apple.cdscheduler" claims selected messages.
	Those messages may not appear in standard system log files or in the ASL database.
Apr 27 21:03:19 localhost syslogd[133]: Configuration Notice:
	ASL Module "com.apple.install" claims selected messages.
	Those messages may not appear in standard system log files or in the ASL database.
Apr 27 21:03:19 localhost syslogd[133]: Configuration Notice:
	ASL Module "com.apple.authd" sharing output destination "/var/log/asl" with ASL Module "com.apple.asl".
	Output parameters from ASL Module "com.apple.asl" override any specified in ASL Module "com.apple.authd".
Apr 27 21:03:19 localhost syslogd[133]: Configuration Notice:
	ASL Module "com.apple.authd" sharing output destination "/var/log/system.log" with ASL Module "com.apple.asl".
	Output parameters from ASL Module "com.apple.asl" override any specified in ASL Module "com.apple.authd".
Apr 27 21:03:19 localhost syslogd[133]: Configuration Notice:
	ASL Module "com.apple.authd" claims selected messages.
	Those messages may not appear in standard system log files or in the ASL database.
Apr 27 21:03:19 localhost syslogd[133]: Configuration Notice:
	ASL Module "com.apple.eventmonitor" claims selected messages.
	Those messages may not appear in standard system log files or in the ASL database.
Apr 27 21:03:19 localhost syslogd[133]: Configuration Notice:
	ASL Module "com.apple.mail" claims selected messages.
	Those messages may not appear in standard system log files or in the ASL database.
Apr 27 21:03:19 localhost syslogd[133]: Configuration Notice:
	ASL Module "com.apple.performance" claims selected messages.
	Those messages may not appear in standard system log files or in the ASL database.
Apr 27 21:03:19 localhost syslogd[133]: Configuration Notice:
	ASL Module "com.apple.iokit.power" claims selected messages.
	Those messages may not appear in standard system log files or in the ASL database.
Apr 27 21:03:19 localhost syslogd[133]: Configuration Notice:
	ASL Module "com.apple.contacts.ContactsAutocomplete" claims selected messages.
	Those messages may not appear in standard system log files or in the ASL database.
Apr 27 21:03:19 localhost syslogd[133]: Configuration Notice:
	ASL Module "com.apple.mkb" sharing output destination "/private/var/log/keybagd.log" with ASL Module "com.apple.mkb.internal".
	Output parameters from ASL Module "com.apple.mkb.internal" override any specified in ASL Module "com.apple.mkb".
Apr 27 21:03:19 localhost syslogd[133]: Configuration Notice:
	ASL Module "com.apple.mkb" claims selected messages.
	Those messages may not appear in standard system log files or in the ASL database.
Apr 27 21:03:19 localhost syslogd[133]: Configuration Notice:
	ASL Module "com.apple.MessageTracer" claims selected messages.
	Those messages may not appear in standard system log files or in the ASL database.
Apr 27 21:03:19 localhost syslogd[133]: ASL Sender Statistics
Apr 27 21:03:43 TaqieAllahs-iMac-3 loginwindow[208]: USER_PROCESS: 208 console
Apr 27 21:07:56 TaqieAllahs-iMac-3 login[870]: USER_PROCESS: 870 ttys000
Apr 27 21:09:22 TaqieAllahs-iMac-3 sudo[899]: USER_PROCESS: 899 ttys001
Apr 27 21:09:22 TaqieAllahs-iMac-3 sudo[899]: DEAD_PROCESS: 899 ttys001
Apr 27 21:09:29 TaqieAllahs-iMac-3 sudo[904]: USER_PROCESS: 904 ttys001
Apr 27 21:09:29 TaqieAllahs-iMac-3 sudo[904]: DEAD_PROCESS: 904 ttys001
Apr 27 21:17:49 TaqieAllahs-iMac-3 syslogd[133]: ASL Sender Statistics
Apr 27 21:27:54 TaqieAllahs-iMac-3 syslogd[133]: ASL Sender Statistics
Apr 27 21:38:34 TaqieAllahs-iMac-3 syslogd[133]: ASL Sender Statistics
Apr 27 21:41:55 AhmedMostafa login[870]: DEAD_PROCESS: 870 ttys000
Apr 27 21:46:20 AhmedMostafa login[1491]: USER_PROCESS: 1491 ttys000
Apr 27 21:46:27 AhmedMostafa login[1491]: DEAD_PROCESS: 1491 ttys000
Apr 27 21:48:37 AhmedMostafa login[1517]: USER_PROCESS: 1517 ttys000
Apr 27 21:48:37 AhmedMostafa syslogd[133]: ASL Sender Statistics
Apr 27 21:49:17 AhmedMostafa login[1528]: USER_PROCESS: 1528 ttys002
Apr 27 21:49:23 AhmedMostafa login[1517]: DEAD_PROCESS: 1517 ttys000
Apr 27 21:50:01 AhmedMostafa login[1528]: DEAD_PROCESS: 1528 ttys002
Apr 27 21:58:43 AhmedMostafa syslogd[133]: ASL Sender Statistics
Apr 27 22:09:50 AhmedMostafa syslogd[133]: ASL Sender Statistics
Apr 27 22:34:21 AhmedMostafa syslogd[133]: ASL Sender Statistics
Apr 27 22:42:09 AhmedMostafa login[7005]: USER_PROCESS: 7005 ttys000
Apr 27 22:42:41 AhmedMostafa login[7037]: USER_PROCESS: 7037 ttys004
Apr 27 22:45:15 AhmedMostafa syslogd[133]: ASL Sender Statistics
Apr 27 23:03:43 AhmedMostafa login[7037]: DEAD_PROCESS: 7037 ttys004
Apr 27 23:03:43 AhmedMostafa syslogd[133]: ASL Sender Statistics
Apr 27 23:03:45 AhmedMostafa login[7005]: DEAD_PROCESS: 7005 ttys000
Apr 27 23:14:24 AhmedMostafa syslogd[133]: ASL Sender Statistics
Apr 27 23:18:14 AhmedMostafa sessionlogoutd[9212]: DEAD_PROCESS: 208 console
Apr 27 23:18:14 AhmedMostafa shutdown[9216]: SHUTDOWN_TIME: 1777357094 140851
Apr 28 03:51:41 localhost bootlog[0]: BOOT_TIME 1777373501 0
Apr 28 03:51:49 localhost syslogd[133]: Configuration Notice:
	ASL Module "com.apple.cdscheduler" claims selected messages.
	Those messages may not appear in standard system log files or in the ASL database.
Apr 28 03:51:49 localhost syslogd[133]: Configuration Notice:
	ASL Module "com.apple.install" claims selected messages.
	Those messages may not appear in standard system log files or in the ASL database.
Apr 28 03:51:49 localhost syslogd[133]: Configuration Notice:
	ASL Module "com.apple.authd" sharing output destination "/var/log/asl" with ASL Module "com.apple.asl".
	Output parameters from ASL Module "com.apple.asl" override any specified in ASL Module "com.apple.authd".
Apr 28 03:51:49 localhost syslogd[133]: Configuration Notice:
	ASL Module "com.apple.authd" sharing output destination "/var/log/system.log" with ASL Module "com.apple.asl".
	Output parameters from ASL Module "com.apple.asl" override any specified in ASL Module "com.apple.authd".
Apr 28 03:51:49 localhost syslogd[133]: Configuration Notice:
	ASL Module "com.apple.authd" claims selected messages.
	Those messages may not appear in standard system log files or in the ASL database.
Apr 28 03:51:49 localhost syslogd[133]: Configuration Notice:
	ASL Module "com.apple.eventmonitor" claims selected messages.
	Those messages may not appear in standard system log files or in the ASL database.
Apr 28 03:51:49 localhost syslogd[133]: Configuration Notice:
	ASL Module "com.apple.mail" claims selected messages.
	Those messages may not appear in standard system log files or in the ASL database.
Apr 28 03:51:49 localhost syslogd[133]: Configuration Notice:
	ASL Module "com.apple.performance" claims selected messages.
	Those messages may not appear in standard system log files or in the ASL database.
Apr 28 03:51:49 localhost syslogd[133]: Configuration Notice:
	ASL Module "com.apple.iokit.power" claims selected messages.
	Those messages may not appear in standard system log files or in the ASL database.
Apr 28 03:51:49 localhost syslogd[133]: Configuration Notice:
	ASL Module "com.apple.contacts.ContactsAutocomplete" claims selected messages.
	Those messages may not appear in standard system log files or in the ASL database.
Apr 28 03:51:49 localhost syslogd[133]: Configuration Notice:
	ASL Module "com.apple.mkb" sharing output destination "/private/var/log/keybagd.log" with ASL Module "com.apple.mkb.internal".
	Output parameters from ASL Module "com.apple.mkb.internal" override any specified in ASL Module "com.apple.mkb".
Apr 28 03:51:49 localhost syslogd[133]: Configuration Notice:
	ASL Module "com.apple.mkb" claims selected messages.
	Those messages may not appear in standard system log files or in the ASL database.
Apr 28 03:51:49 localhost syslogd[133]: Configuration Notice:
	ASL Module "com.apple.MessageTracer" claims selected messages.
	Those messages may not appear in standard system log files or in the ASL database.
Apr 28 03:51:49 localhost syslogd[133]: ASL Sender Statistics
Apr 28 03:52:16 AhmedMostafa loginwindow[209]: USER_PROCESS: 209 console
Apr 28 04:02:00 AhmedMostafa syslogd[133]: ASL Sender Statistics
Apr 28 04:27:35 AhmedMostafa syslogd[133]: ASL Sender Statistics
Apr 28 04:40:16 AhmedMostafa syslogd[133]: ASL Sender Statistics
Apr 28 04:51:00 AhmedMostafa syslogd[133]: ASL Sender Statistics
Apr 28 05:12:19 AhmedMostafa syslogd[133]: ASL Sender Statistics
Apr 28 05:22:23 AhmedMostafa syslogd[133]: ASL Sender Statistics
Apr 28 05:23:54 AhmedMostafa login[6309]: USER_PROCESS: 6309 ttys002
Apr 28 05:37:38 AhmedMostafa syslogd[133]: ASL Sender Statistics
Apr 28 05:55:30 AhmedMostafa syslogd[133]: ASL Sender Statistics
Apr 28 06:03:20 AhmedMostafa login[6309]: DEAD_PROCESS: 6309 ttys002
Apr 28 06:03:42 AhmedMostafa sessionlogoutd[9116]: DEAD_PROCESS: 209 console
Apr 28 06:03:42 AhmedMostafa shutdown[9124]: SHUTDOWN_TIME: 1777381422 647040
Apr 28 06:04:44 localhost bootlog[0]: BOOT_TIME 1777381484 0
Apr 28 06:04:52 localhost syslogd[133]: Configuration Notice:
	ASL Module "com.apple.cdscheduler" claims selected messages.
	Those messages may not appear in standard system log files or in the ASL database.
Apr 28 06:04:52 localhost syslogd[133]: Configuration Notice:
	ASL Module "com.apple.install" claims selected messages.
	Those messages may not appear in standard system log files or in the ASL database.
Apr 28 06:04:52 localhost syslogd[133]: Configuration Notice:
	ASL Module "com.apple.authd" sharing output destination "/var/log/asl" with ASL Module "com.apple.asl".
	Output parameters from ASL Module "com.apple.asl" override any specified in ASL Module "com.apple.authd".
Apr 28 06:04:52 localhost syslogd[133]: Configuration Notice:
	ASL Module "com.apple.authd" sharing output destination "/var/log/system.log" with ASL Module "com.apple.asl".
	Output parameters from ASL Module "com.apple.asl" override any specified in ASL Module "com.apple.authd".
Apr 28 06:04:52 localhost syslogd[133]: Configuration Notice:
	ASL Module "com.apple.authd" claims selected messages.
	Those messages may not appear in standard system log files or in the ASL database.
Apr 28 06:04:52 localhost syslogd[133]: Configuration Notice:
	ASL Module "com.apple.eventmonitor" claims selected messages.
	Those messages may not appear in standard system log files or in the ASL database.
Apr 28 06:04:52 localhost syslogd[133]: Configuration Notice:
	ASL Module "com.apple.mail" claims selected messages.
	Those messages may not appear in standard system log files or in the ASL database.
Apr 28 06:04:52 localhost syslogd[133]: Configuration Notice:
	ASL Module "com.apple.performance" claims selected messages.
	Those messages may not appear in standard system log files or in the ASL database.
Apr 28 06:04:52 localhost syslogd[133]: Configuration Notice:
	ASL Module "com.apple.iokit.power" claims selected messages.
	Those messages may not appear in standard system log files or in the ASL database.
Apr 28 06:04:52 localhost syslogd[133]: Configuration Notice:
	ASL Module "com.apple.contacts.ContactsAutocomplete" claims selected messages.
	Those messages may not appear in standard system log files or in the ASL database.
Apr 28 06:04:52 localhost syslogd[133]: Configuration Notice:
	ASL Module "com.apple.mkb" sharing output destination "/private/var/log/keybagd.log" with ASL Module "com.apple.mkb.internal".
	Output parameters from ASL Module "com.apple.mkb.internal" override any specified in ASL Module "com.apple.mkb".
Apr 28 06:04:52 localhost syslogd[133]: Configuration Notice:
	ASL Module "com.apple.mkb" claims selected messages.
	Those messages may not appear in standard system log files or in the ASL database.
Apr 28 06:04:52 localhost syslogd[133]: Configuration Notice:
	ASL Module "com.apple.MessageTracer" claims selected messages.
	Those messages may not appear in standard system log files or in the ASL database.
Apr 28 06:04:52 localhost syslogd[133]: ASL Sender Statistics
Apr 28 06:05:17 AhmedMostafa loginwindow[208]: USER_PROCESS: 208 console
Apr 28 06:15:02 AhmedMostafa syslogd[133]: ASL Sender Statistics
Apr 28 06:28:57 AhmedMostafa syslogd[133]: ASL Sender Statistics
Apr 28 06:40:12 AhmedMostafa syslogd[133]: ASL Sender Statistics
Apr 28 07:01:00 AhmedMostafa syslogd[133]: ASL Sender Statistics
Apr 28 07:11:21 AhmedMostafa syslogd[133]: ASL Sender Statistics
Apr 28 07:17:01 AhmedMostafa sessionlogoutd[4773]: DEAD_PROCESS: 208 console
Apr 28 07:17:01 AhmedMostafa shutdown[4776]: SHUTDOWN_TIME: 1777385821 698331
Apr 28 10:07:40 localhost bootlog[0]: BOOT_TIME 1777396060 0
Apr 28 10:07:48 localhost syslogd[133]: Configuration Notice:
	ASL Module "com.apple.cdscheduler" claims selected messages.
	Those messages may not appear in standard system log files or in the ASL database.
Apr 28 10:07:48 localhost syslogd[133]: Configuration Notice:
	ASL Module "com.apple.install" claims selected messages.
	Those messages may not appear in standard system log files or in the ASL database.
Apr 28 10:07:48 localhost syslogd[133]: Configuration Notice:
	ASL Module "com.apple.authd" sharing output destination "/var/log/asl" with ASL Module "com.apple.asl".
	Output parameters from ASL Module "com.apple.asl" override any specified in ASL Module "com.apple.authd".
Apr 28 10:07:48 localhost syslogd[133]: Configuration Notice:
	ASL Module "com.apple.authd" sharing output destination "/var/log/system.log" with ASL Module "com.apple.asl".
	Output parameters from ASL Module "com.apple.asl" override any specified in ASL Module "com.apple.authd".
Apr 28 10:07:48 localhost syslogd[133]: Configuration Notice:
	ASL Module "com.apple.authd" claims selected messages.
	Those messages may not appear in standard system log files or in the ASL database.
Apr 28 10:07:48 localhost syslogd[133]: Configuration Notice:
	ASL Module "com.apple.eventmonitor" claims selected messages.
	Those messages may not appear in standard system log files or in the ASL database.
Apr 28 10:07:48 localhost syslogd[133]: Configuration Notice:
	ASL Module "com.apple.mail" claims selected messages.
	Those messages may not appear in standard system log files or in the ASL database.
Apr 28 10:07:48 localhost syslogd[133]: Configuration Notice:
	ASL Module "com.apple.performance" claims selected messages.
	Those messages may not appear in standard system log files or in the ASL database.
Apr 28 10:07:48 localhost syslogd[133]: Configuration Notice:
	ASL Module "com.apple.iokit.power" claims selected messages.
	Those messages may not appear in standard system log files or in the ASL database.
Apr 28 10:07:48 localhost syslogd[133]: Configuration Notice:
	ASL Module "com.apple.contacts.ContactsAutocomplete" claims selected messages.
	Those messages may not appear in standard system log files or in the ASL database.
Apr 28 10:07:48 localhost syslogd[133]: Configuration Notice:
	ASL Module "com.apple.mkb" sharing output destination "/private/var/log/keybagd.log" with ASL Module "com.apple.mkb.internal".
	Output parameters from ASL Module "com.apple.mkb.internal" override any specified in ASL Module "com.apple.mkb".
Apr 28 10:07:48 localhost syslogd[133]: Configuration Notice:
	ASL Module "com.apple.mkb" claims selected messages.
	Those messages may not appear in standard system log files or in the ASL database.
Apr 28 10:07:48 localhost syslogd[133]: Configuration Notice:
	ASL Module "com.apple.MessageTracer" claims selected messages.
	Those messages may not appear in standard system log files or in the ASL database.
Apr 28 10:07:48 localhost syslogd[133]: ASL Sender Statistics
Apr 28 10:08:21 AhmedMostafa loginwindow[208]: USER_PROCESS: 208 console
Apr 28 10:41:28 AhmedMostafa syslogd[133]: ASL Sender Statistics
Apr 28 10:51:28 AhmedMostafa syslogd[133]: ASL Sender Statistics
Apr 28 11:02:29 AhmedMostafa syslogd[133]: ASL Sender Statistics
Apr 28 11:29:11 AhmedMostafa syslogd[133]: ASL Sender Statistics
Apr 28 11:39:12 AhmedMostafa syslogd[133]: ASL Sender Statistics
Apr 28 11:58:39 AhmedMostafa syslogd[133]: ASL Sender Statistics
Apr 28 12:13:39 AhmedMostafa syslogd[133]: ASL Sender Statistics
Apr 28 12:28:39 AhmedMostafa syslogd[133]: ASL Sender Statistics
Apr 28 12:38:42 AhmedMostafa syslogd[133]: ASL Sender Statistics
Apr 28 12:58:39 AhmedMostafa syslogd[133]: ASL Sender Statistics
Apr 28 13:10:14 AhmedMostafa syslogd[133]: ASL Sender Statistics
Apr 28 13:27:19 AhmedMostafa syslogd[133]: ASL Sender Statistics
Apr 28 13:38:48 AhmedMostafa syslogd[133]: ASL Sender Statistics
Apr 28 13:58:39 AhmedMostafa syslogd[133]: ASL Sender Statistics
Apr 28 14:18:20 AhmedMostafa syslogd[133]: ASL Sender Statistics
Apr 28 14:36:48 AhmedMostafa syslogd[133]: ASL Sender Statistics
Apr 28 14:47:51 AhmedMostafa syslogd[133]: ASL Sender Statistics
Apr 28 15:01:11 AhmedMostafa syslogd[133]: ASL Sender Statistics
Apr 28 15:14:24 AhmedMostafa syslogd[133]: ASL Sender Statistics
Apr 28 15:29:10 AhmedMostafa syslogd[133]: ASL Sender Statistics
Apr 28 15:39:37 AhmedMostafa syslogd[133]: ASL Sender Statistics
Apr 28 15:49:46 AhmedMostafa syslogd[133]: ASL Sender Statistics
Apr 28 16:03:43 AhmedMostafa syslogd[133]: ASL Sender Statistics
Apr 28 16:14:53 AhmedMostafa syslogd[133]: ASL Sender Statistics
Apr 28 16:33:43 AhmedMostafa syslogd[133]: ASL Sender Statistics
Apr 28 16:43:55 AhmedMostafa syslogd[133]: ASL Sender Statistics
Apr 28 16:54:34 AhmedMostafa syslogd[133]: ASL Sender Statistics
Apr 28 17:04:46 AhmedMostafa syslogd[133]: ASL Sender Statistics
Apr 28 17:16:13 AhmedMostafa syslogd[133]: ASL Sender Statistics
Apr 28 17:27:26 AhmedMostafa syslogd[133]: ASL Sender Statistics
Apr 28 17:40:39 AhmedMostafa syslogd[133]: ASL Sender Statistics
Apr 28 17:46:00 AhmedMostafa sessionlogoutd[15543]: DEAD_PROCESS: 208 console
Apr 28 17:46:00 AhmedMostafa shutdown[15548]: SHUTDOWN_TIME: 1777423560 664750
Apr 29 02:10:06 localhost bootlog[0]: BOOT_TIME 1777453806 0
Apr 29 02:10:15 localhost syslogd[133]: Configuration Notice:
	ASL Module "com.apple.cdscheduler" claims selected messages.
	Those messages may not appear in standard system log files or in the ASL database.
Apr 29 02:10:15 localhost syslogd[133]: Configuration Notice:
	ASL Module "com.apple.install" claims selected messages.
	Those messages may not appear in standard system log files or in the ASL database.
Apr 29 02:10:15 localhost syslogd[133]: Configuration Notice:
	ASL Module "com.apple.authd" sharing output destination "/var/log/asl" with ASL Module "com.apple.asl".
	Output parameters from ASL Module "com.apple.asl" override any specified in ASL Module "com.apple.authd".
Apr 29 02:10:15 localhost syslogd[133]: Configuration Notice:
	ASL Module "com.apple.authd" sharing output destination "/var/log/system.log" with ASL Module "com.apple.asl".
	Output parameters from ASL Module "com.apple.asl" override any specified in ASL Module "com.apple.authd".
Apr 29 02:10:15 localhost syslogd[133]: Configuration Notice:
	ASL Module "com.apple.authd" claims selected messages.
	Those messages may not appear in standard system log files or in the ASL database.
Apr 29 02:10:15 localhost syslogd[133]: Configuration Notice:
	ASL Module "com.apple.eventmonitor" claims selected messages.
	Those messages may not appear in standard system log files or in the ASL database.
Apr 29 02:10:15 localhost syslogd[133]: Configuration Notice:
	ASL Module "com.apple.mail" claims selected messages.
	Those messages may not appear in standard system log files or in the ASL database.
Apr 29 02:10:15 localhost syslogd[133]: Configuration Notice:
	ASL Module "com.apple.performance" claims selected messages.
	Those messages may not appear in standard system log files or in the ASL database.
Apr 29 02:10:15 localhost syslogd[133]: Configuration Notice:
	ASL Module "com.apple.iokit.power" claims selected messages.
	Those messages may not appear in standard system log files or in the ASL database.
Apr 29 02:10:15 localhost syslogd[133]: Configuration Notice:
	ASL Module "com.apple.contacts.ContactsAutocomplete" claims selected messages.
	Those messages may not appear in standard system log files or in the ASL database.
Apr 29 02:10:15 localhost syslogd[133]: Configuration Notice:
	ASL Module "com.apple.mkb" sharing output destination "/private/var/log/keybagd.log" with ASL Module "com.apple.mkb.internal".
	Output parameters from ASL Module "com.apple.mkb.internal" override any specified in ASL Module "com.apple.mkb".
Apr 29 02:10:15 localhost syslogd[133]: Configuration Notice:
	ASL Module "com.apple.mkb" claims selected messages.
	Those messages may not appear in standard system log files or in the ASL database.
Apr 29 02:10:15 localhost syslogd[133]: Configuration Notice:
	ASL Module "com.apple.MessageTracer" claims selected messages.
	Those messages may not appear in standard system log files or in the ASL database.
Apr 29 02:10:15 localhost syslogd[133]: ASL Sender Statistics
Apr 29 02:10:36 AhmedMostafa loginwindow[208]: USER_PROCESS: 208 console
Apr 29 02:21:00 AhmedMostafa syslogd[133]: ASL Sender Statistics
Apr 29 02:31:24 AhmedMostafa sessionlogoutd[2088]: DEAD_PROCESS: 208 console
Apr 29 02:31:24 AhmedMostafa syslogd[133]: ASL Sender Statistics
Apr 29 02:32:18 localhost bootlog[0]: BOOT_TIME 1777455138 0
Apr 29 02:32:27 localhost syslogd[133]: Configuration Notice:
	ASL Module "com.apple.cdscheduler" claims selected messages.
	Those messages may not appear in standard system log files or in the ASL database.
Apr 29 02:32:27 localhost syslogd[133]: Configuration Notice:
	ASL Module "com.apple.install" claims selected messages.
	Those messages may not appear in standard system log files or in the ASL database.
Apr 29 02:32:27 localhost syslogd[133]: Configuration Notice:
	ASL Module "com.apple.authd" sharing output destination "/var/log/asl" with ASL Module "com.apple.asl".
	Output parameters from ASL Module "com.apple.asl" override any specified in ASL Module "com.apple.authd".
Apr 29 02:32:27 localhost syslogd[133]: Configuration Notice:
	ASL Module "com.apple.authd" sharing output destination "/var/log/system.log" with ASL Module "com.apple.asl".
	Output parameters from ASL Module "com.apple.asl" override any specified in ASL Module "com.apple.authd".
Apr 29 02:32:27 localhost syslogd[133]: Configuration Notice:
	ASL Module "com.apple.authd" claims selected messages.
	Those messages may not appear in standard system log files or in the ASL database.
Apr 29 02:32:27 localhost syslogd[133]: Configuration Notice:
	ASL Module "com.apple.eventmonitor" claims selected messages.
	Those messages may not appear in standard system log files or in the ASL database.
Apr 29 02:32:27 localhost syslogd[133]: Configuration Notice:
	ASL Module "com.apple.mail" claims selected messages.
	Those messages may not appear in standard system log files or in the ASL database.
Apr 29 02:32:27 localhost syslogd[133]: Configuration Notice:
	ASL Module "com.apple.performance" claims selected messages.
	Those messages may not appear in standard system log files or in the ASL database.
Apr 29 02:32:27 localhost syslogd[133]: Configuration Notice:
	ASL Module "com.apple.iokit.power" claims selected messages.
	Those messages may not appear in standard system log files or in the ASL database.
Apr 29 02:32:27 localhost syslogd[133]: Configuration Notice:
	ASL Module "com.apple.contacts.ContactsAutocomplete" claims selected messages.
	Those messages may not appear in standard system log files or in the ASL database.
Apr 29 02:32:27 localhost syslogd[133]: Configuration Notice:
	ASL Module "com.apple.mkb" sharing output destination "/private/var/log/keybagd.log" with ASL Module "com.apple.mkb.internal".
	Output parameters from ASL Module "com.apple.mkb.internal" override any specified in ASL Module "com.apple.mkb".
Apr 29 02:32:27 localhost syslogd[133]: Configuration Notice:
	ASL Module "com.apple.mkb" claims selected messages.
	Those messages may not appear in standard system log files or in the ASL database.
Apr 29 02:32:27 localhost syslogd[133]: Configuration Notice:
	ASL Module "com.apple.MessageTracer" claims selected messages.
	Those messages may not appear in standard system log files or in the ASL database.
Apr 29 02:32:27 localhost syslogd[133]: ASL Sender Statistics
Apr 29 02:32:51 AhmedMostafa loginwindow[210]: USER_PROCESS: 210 console
Apr 29 02:44:18 AhmedMostafa syslogd[133]: ASL Sender Statistics
Apr 29 03:24:07 AhmedMostafa syslogd[133]: ASL Sender Statistics
Apr 29 03:38:30 AhmedMostafa syslogd[133]: ASL Sender Statistics
Apr 29 03:49:29 AhmedMostafa syslogd[133]: ASL Sender Statistics
Apr 29 03:59:43 AhmedMostafa syslogd[133]: ASL Sender Statistics
Apr 29 04:13:20 AhmedMostafa syslogd[133]: ASL Sender Statistics
Apr 29 04:23:30 AhmedMostafa syslogd[133]: ASL Sender Statistics
Apr 29 04:35:13 AhmedMostafa syslogd[133]: ASL Sender Statistics
Apr 29 04:50:23 AhmedMostafa syslogd[133]: ASL Sender Statistics
Apr 29 05:08:30 AhmedMostafa syslogd[133]: ASL Sender Statistics
Apr 29 05:23:30 AhmedMostafa syslogd[133]: ASL Sender Statistics
Apr 29 05:38:30 AhmedMostafa syslogd[133]: ASL Sender Statistics
Apr 29 05:50:43 AhmedMostafa syslogd[133]: ASL Sender Statistics
Apr 29 06:28:52 AhmedMostafa syslogd[133]: ASL Sender Statistics
Apr 29 06:44:51 AhmedMostafa syslogd[133]: ASL Sender Statistics
Apr 29 07:02:00 AhmedMostafa syslogd[133]: ASL Sender Statistics
Apr 29 07:20:45 AhmedMostafa syslogd[133]: ASL Sender Statistics
Apr 29 07:31:44 AhmedMostafa syslogd[133]: ASL Sender Statistics
Apr 29 07:42:02 AhmedMostafa syslogd[133]: ASL Sender Statistics
Apr 29 07:56:04 AhmedMostafa syslogd[133]: ASL Sender Statistics
Apr 29 08:06:11 AhmedMostafa syslogd[133]: ASL Sender Statistics
Apr 29 08:17:01 AhmedMostafa syslogd[133]: ASL Sender Statistics
Apr 29 08:24:15 AhmedMostafa login[18346]: USER_PROCESS: 18346 ttys004
Apr 29 08:30:06 AhmedMostafa syslogd[133]: ASL Sender Statistics
Apr 29 08:40:54 AhmedMostafa syslogd[133]: ASL Sender Statistics
Apr 29 08:48:52 AhmedMostafa login[18346]: DEAD_PROCESS: 18346 ttys004
Apr 29 08:51:24 AhmedMostafa syslogd[133]: ASL Sender Statistics
Apr 29 08:51:39 AhmedMostafa sessionlogoutd[20927]: DEAD_PROCESS: 210 console
Apr 29 08:51:39 AhmedMostafa shutdown[20931]: SHUTDOWN_TIME: 1777477899 719735
Apr 29 19:41:54 localhost bootlog[0]: BOOT_TIME 1777516914 0
Apr 29 19:42:02 localhost syslogd[133]: Configuration Notice:
	ASL Module "com.apple.cdscheduler" claims selected messages.
	Those messages may not appear in standard system log files or in the ASL database.
Apr 29 19:42:02 localhost syslogd[133]: Configuration Notice:
	ASL Module "com.apple.install" claims selected messages.
	Those messages may not appear in standard system log files or in the ASL database.
Apr 29 19:42:02 localhost syslogd[133]: Configuration Notice:
	ASL Module "com.apple.authd" sharing output destination "/var/log/asl" with ASL Module "com.apple.asl".
	Output parameters from ASL Module "com.apple.asl" override any specified in ASL Module "com.apple.authd".
Apr 29 19:42:02 localhost syslogd[133]: Configuration Notice:
	ASL Module "com.apple.authd" sharing output destination "/var/log/system.log" with ASL Module "com.apple.asl".
	Output parameters from ASL Module "com.apple.asl" override any specified in ASL Module "com.apple.authd".
Apr 29 19:42:02 localhost syslogd[133]: Configuration Notice:
	ASL Module "com.apple.authd" claims selected messages.
	Those messages may not appear in standard system log files or in the ASL database.
Apr 29 19:42:02 localhost syslogd[133]: Configuration Notice:
	ASL Module "com.apple.eventmonitor" claims selected messages.
	Those messages may not appear in standard system log files or in the ASL database.
Apr 29 19:42:02 localhost syslogd[133]: Configuration Notice:
	ASL Module "com.apple.mail" claims selected messages.
	Those messages may not appear in standard system log files or in the ASL database.
Apr 29 19:42:02 localhost syslogd[133]: Configuration Notice:
	ASL Module "com.apple.performance" claims selected messages.
	Those messages may not appear in standard system log files or in the ASL database.
Apr 29 19:42:02 localhost syslogd[133]: Configuration Notice:
	ASL Module "com.apple.iokit.power" claims selected messages.
	Those messages may not appear in standard system log files or in the ASL database.
Apr 29 19:42:02 localhost syslogd[133]: Configuration Notice:
	ASL Module "com.apple.contacts.ContactsAutocomplete" claims selected messages.
	Those messages may not appear in standard system log files or in the ASL database.
Apr 29 19:42:02 localhost syslogd[133]: Configuration Notice:
	ASL Module "com.apple.mkb" sharing output destination "/private/var/log/keybagd.log" with ASL Module "com.apple.mkb.internal".
	Output parameters from ASL Module "com.apple.mkb.internal" override any specified in ASL Module "com.apple.mkb".
Apr 29 19:42:02 localhost syslogd[133]: Configuration Notice:
	ASL Module "com.apple.mkb" claims selected messages.
	Those messages may not appear in standard system log files or in the ASL database.
Apr 29 19:42:02 localhost syslogd[133]: Configuration Notice:
	ASL Module "com.apple.MessageTracer" claims selected messages.
	Those messages may not appear in standard system log files or in the ASL database.
Apr 29 19:42:02 localhost syslogd[133]: ASL Sender Statistics
Apr 29 19:42:22 AhmedMostafa loginwindow[208]: USER_PROCESS: 208 console
Apr 29 19:56:09 AhmedMostafa syslogd[133]: ASL Sender Statistics
Apr 29 20:17:41 AhmedMostafa syslogd[133]: ASL Sender Statistics
Apr 29 20:28:12 AhmedMostafa syslogd[133]: ASL Sender Statistics
Apr 29 20:35:35 AhmedMostafa login[3583]: USER_PROCESS: 3583 ttys000
Apr 29 20:38:57 AhmedMostafa login[3583]: DEAD_PROCESS: 3583 ttys000
Apr 29 20:40:33 AhmedMostafa syslogd[133]: ASL Sender Statistics
Apr 29 21:06:13 AhmedMostafa syslogd[133]: ASL Sender Statistics
Apr 29 21:17:04 AhmedMostafa syslogd[133]: ASL Sender Statistics
Apr 29 21:25:14 AhmedMostafa sessionlogoutd[8208]: DEAD_PROCESS: 208 console
Apr 29 21:26:09 localhost bootlog[0]: BOOT_TIME 1777523169 0
Apr 29 21:26:18 localhost syslogd[133]: Configuration Notice:
	ASL Module "com.apple.cdscheduler" claims selected messages.
	Those messages may not appear in standard system log files or in the ASL database.
Apr 29 21:26:18 localhost syslogd[133]: Configuration Notice:
	ASL Module "com.apple.install" claims selected messages.
	Those messages may not appear in standard system log files or in the ASL database.
Apr 29 21:26:18 localhost syslogd[133]: Configuration Notice:
	ASL Module "com.apple.authd" sharing output destination "/var/log/asl" with ASL Module "com.apple.asl".
	Output parameters from ASL Module "com.apple.asl" override any specified in ASL Module "com.apple.authd".
Apr 29 21:26:18 localhost syslogd[133]: Configuration Notice:
	ASL Module "com.apple.authd" sharing output destination "/var/log/system.log" with ASL Module "com.apple.asl".
	Output parameters from ASL Module "com.apple.asl" override any specified in ASL Module "com.apple.authd".
Apr 29 21:26:18 localhost syslogd[133]: Configuration Notice:
	ASL Module "com.apple.authd" claims selected messages.
	Those messages may not appear in standard system log files or in the ASL database.
Apr 29 21:26:18 localhost syslogd[133]: Configuration Notice:
	ASL Module "com.apple.eventmonitor" claims selected messages.
	Those messages may not appear in standard system log files or in the ASL database.
Apr 29 21:26:18 localhost syslogd[133]: Configuration Notice:
	ASL Module "com.apple.mail" claims selected messages.
	Those messages may not appear in standard system log files or in the ASL database.
Apr 29 21:26:18 localhost syslogd[133]: Configuration Notice:
	ASL Module "com.apple.performance" claims selected messages.
	Those messages may not appear in standard system log files or in the ASL database.
Apr 29 21:26:18 localhost syslogd[133]: Configuration Notice:
	ASL Module "com.apple.iokit.power" claims selected messages.
	Those messages may not appear in standard system log files or in the ASL database.
Apr 29 21:26:18 localhost syslogd[133]: Configuration Notice:
	ASL Module "com.apple.contacts.ContactsAutocomplete" claims selected messages.
	Those messages may not appear in standard system log files or in the ASL database.
Apr 29 21:26:18 localhost syslogd[133]: Configuration Notice:
	ASL Module "com.apple.mkb" sharing output destination "/private/var/log/keybagd.log" with ASL Module "com.apple.mkb.internal".
	Output parameters from ASL Module "com.apple.mkb.internal" override any specified in ASL Module "com.apple.mkb".
Apr 29 21:26:18 localhost syslogd[133]: Configuration Notice:
	ASL Module "com.apple.mkb" claims selected messages.
	Those messages may not appear in standard system log files or in the ASL database.
Apr 29 21:26:18 localhost syslogd[133]: Configuration Notice:
	ASL Module "com.apple.MessageTracer" claims selected messages.
	Those messages may not appear in standard system log files or in the ASL database.
Apr 29 21:26:18 localhost syslogd[133]: ASL Sender Statistics
Apr 29 21:26:41 AhmedMostafa loginwindow[208]: USER_PROCESS: 208 console
Apr 29 21:36:36 AhmedMostafa syslogd[133]: ASL Sender Statistics
Apr 29 21:47:08 AhmedMostafa syslogd[133]: ASL Sender Statistics
Apr 29 21:57:53 AhmedMostafa syslogd[133]: ASL Sender Statistics
Apr 29 22:09:34 AhmedMostafa syslogd[133]: ASL Sender Statistics
Apr 29 22:31:44 AhmedMostafa syslogd[133]: ASL Sender Statistics
Apr 29 22:40:35 localhost bootlog[0]: BOOT_TIME 1777527635 0
Apr 29 22:40:43 localhost syslogd[133]: Configuration Notice:
	ASL Module "com.apple.cdscheduler" claims selected messages.
	Those messages may not appear in standard system log files or in the ASL database.
Apr 29 22:40:43 localhost syslogd[133]: Configuration Notice:
	ASL Module "com.apple.install" claims selected messages.
	Those messages may not appear in standard system log files or in the ASL database.
Apr 29 22:40:43 localhost syslogd[133]: Configuration Notice:
	ASL Module "com.apple.authd" sharing output destination "/var/log/asl" with ASL Module "com.apple.asl".
	Output parameters from ASL Module "com.apple.asl" override any specified in ASL Module "com.apple.authd".
Apr 29 22:40:43 localhost syslogd[133]: Configuration Notice:
	ASL Module "com.apple.authd" sharing output destination "/var/log/system.log" with ASL Module "com.apple.asl".
	Output parameters from ASL Module "com.apple.asl" override any specified in ASL Module "com.apple.authd".
Apr 29 22:40:43 localhost syslogd[133]: Configuration Notice:
	ASL Module "com.apple.authd" claims selected messages.
	Those messages may not appear in standard system log files or in the ASL database.
Apr 29 22:40:43 localhost syslogd[133]: Configuration Notice:
	ASL Module "com.apple.eventmonitor" claims selected messages.
	Those messages may not appear in standard system log files or in the ASL database.
Apr 29 22:40:43 localhost syslogd[133]: Configuration Notice:
	ASL Module "com.apple.mail" claims selected messages.
	Those messages may not appear in standard system log files or in the ASL database.
Apr 29 22:40:43 localhost syslogd[133]: Configuration Notice:
	ASL Module "com.apple.performance" claims selected messages.
	Those messages may not appear in standard system log files or in the ASL database.
Apr 29 22:40:43 localhost syslogd[133]: Configuration Notice:
	ASL Module "com.apple.iokit.power" claims selected messages.
	Those messages may not appear in standard system log files or in the ASL database.
Apr 29 22:40:43 localhost syslogd[133]: Configuration Notice:
	ASL Module "com.apple.contacts.ContactsAutocomplete" claims selected messages.
	Those messages may not appear in standard system log files or in the ASL database.
Apr 29 22:40:43 localhost syslogd[133]: Configuration Notice:
	ASL Module "com.apple.mkb" sharing output destination "/private/var/log/keybagd.log" with ASL Module "com.apple.mkb.internal".
	Output parameters from ASL Module "com.apple.mkb.internal" override any specified in ASL Module "com.apple.mkb".
Apr 29 22:40:43 localhost syslogd[133]: Configuration Notice:
	ASL Module "com.apple.mkb" claims selected messages.
	Those messages may not appear in standard system log files or in the ASL database.
Apr 29 22:40:43 localhost syslogd[133]: Configuration Notice:
	ASL Module "com.apple.MessageTracer" claims selected messages.
	Those messages may not appear in standard system log files or in the ASL database.
Apr 29 22:40:43 localhost syslogd[133]: ASL Sender Statistics
Apr 29 22:41:19 AhmedMostafa loginwindow[208]: USER_PROCESS: 208 console
Apr 29 22:42:12 AhmedMostafa sessionlogoutd[805]: DEAD_PROCESS: 208 console
Apr 29 22:42:12 AhmedMostafa shutdown[808]: SHUTDOWN_TIME: 1777527732 287214
Apr 30 02:27:48 localhost bootlog[0]: BOOT_TIME 1777541268 0
Apr 30 02:27:56 localhost syslogd[133]: Configuration Notice:
	ASL Module "com.apple.cdscheduler" claims selected messages.
	Those messages may not appear in standard system log files or in the ASL database.
Apr 30 02:27:56 localhost syslogd[133]: Configuration Notice:
	ASL Module "com.apple.install" claims selected messages.
	Those messages may not appear in standard system log files or in the ASL database.
Apr 30 02:27:56 localhost syslogd[133]: Configuration Notice:
	ASL Module "com.apple.authd" sharing output destination "/var/log/asl" with ASL Module "com.apple.asl".
	Output parameters from ASL Module "com.apple.asl" override any specified in ASL Module "com.apple.authd".
Apr 30 02:27:56 localhost syslogd[133]: Configuration Notice:
	ASL Module "com.apple.authd" sharing output destination "/var/log/system.log" with ASL Module "com.apple.asl".
	Output parameters from ASL Module "com.apple.asl" override any specified in ASL Module "com.apple.authd".
Apr 30 02:27:56 localhost syslogd[133]: Configuration Notice:
	ASL Module "com.apple.authd" claims selected messages.
	Those messages may not appear in standard system log files or in the ASL database.
Apr 30 02:27:56 localhost syslogd[133]: Configuration Notice:
	ASL Module "com.apple.eventmonitor" claims selected messages.
	Those messages may not appear in standard system log files or in the ASL database.
Apr 30 02:27:56 localhost syslogd[133]: Configuration Notice:
	ASL Module "com.apple.mail" claims selected messages.
	Those messages may not appear in standard system log files or in the ASL database.
Apr 30 02:27:56 localhost syslogd[133]: Configuration Notice:
	ASL Module "com.apple.performance" claims selected messages.
	Those messages may not appear in standard system log files or in the ASL database.
Apr 30 02:27:56 localhost syslogd[133]: Configuration Notice:
	ASL Module "com.apple.iokit.power" claims selected messages.
	Those messages may not appear in standard system log files or in the ASL database.
Apr 30 02:27:56 localhost syslogd[133]: Configuration Notice:
	ASL Module "com.apple.contacts.ContactsAutocomplete" claims selected messages.
	Those messages may not appear in standard system log files or in the ASL database.
Apr 30 02:27:56 localhost syslogd[133]: Configuration Notice:
	ASL Module "com.apple.mkb" sharing output destination "/private/var/log/keybagd.log" with ASL Module "com.apple.mkb.internal".
	Output parameters from ASL Module "com.apple.mkb.internal" override any specified in ASL Module "com.apple.mkb".
Apr 30 02:27:56 localhost syslogd[133]: Configuration Notice:
	ASL Module "com.apple.mkb" claims selected messages.
	Those messages may not appear in standard system log files or in the ASL database.
Apr 30 02:27:56 localhost syslogd[133]: Configuration Notice:
	ASL Module "com.apple.MessageTracer" claims selected messages.
	Those messages may not appear in standard system log files or in the ASL database.
Apr 30 02:27:56 localhost syslogd[133]: ASL Sender Statistics
Apr 30 02:28:18 AhmedMostafa loginwindow[209]: USER_PROCESS: 209 console
Apr 30 02:41:02 AhmedMostafa syslogd[133]: ASL Sender Statistics
Apr 30 02:51:05 AhmedMostafa syslogd[133]: ASL Sender Statistics
Apr 30 03:01:07 AhmedMostafa syslogd[133]: ASL Sender Statistics
Apr 30 03:23:43 AhmedMostafa syslogd[133]: ASL Sender Statistics
Apr 30 03:36:56 AhmedMostafa syslogd[133]: ASL Sender Statistics
Apr 30 03:46:59 AhmedMostafa syslogd[133]: ASL Sender Statistics
Apr 30 03:59:00 AhmedMostafa syslogd[133]: ASL Sender Statistics
Apr 30 04:09:40 AhmedMostafa syslogd[133]: ASL Sender Statistics
Apr 30 04:19:55 AhmedMostafa syslogd[133]: ASL Sender Statistics
Apr 30 04:31:08 AhmedMostafa syslogd[133]: ASL Sender Statistics
Apr 30 04:41:09 AhmedMostafa syslogd[133]: ASL Sender Statistics
Apr 30 04:51:24 AhmedMostafa syslogd[133]: ASL Sender Statistics
Apr 30 05:02:24 AhmedMostafa syslogd[133]: ASL Sender Statistics
Apr 30 05:13:40 AhmedMostafa syslogd[133]: ASL Sender Statistics
Apr 30 05:24:40 AhmedMostafa syslogd[133]: ASL Sender Statistics
Apr 30 05:34:45 AhmedMostafa syslogd[133]: ASL Sender Statistics
Apr 30 05:46:18 AhmedMostafa syslogd[133]: ASL Sender Statistics
Apr 30 05:58:55 AhmedMostafa syslogd[133]: ASL Sender Statistics
Apr 30 06:08:20 AhmedMostafa sessionlogoutd[17740]: DEAD_PROCESS: 209 console
Apr 30 06:08:20 AhmedMostafa shutdown[17743]: SHUTDOWN_TIME: 1777554500 838279
Apr 30 07:32:51 localhost bootlog[0]: BOOT_TIME 1777559571 0
Apr 30 07:33:00 localhost syslogd[133]: Configuration Notice:
	ASL Module "com.apple.cdscheduler" claims selected messages.
	Those messages may not appear in standard system log files or in the ASL database.
Apr 30 07:33:00 localhost syslogd[133]: Configuration Notice:
	ASL Module "com.apple.install" claims selected messages.
	Those messages may not appear in standard system log files or in the ASL database.
Apr 30 07:33:00 localhost syslogd[133]: Configuration Notice:
	ASL Module "com.apple.authd" sharing output destination "/var/log/asl" with ASL Module "com.apple.asl".
	Output parameters from ASL Module "com.apple.asl" override any specified in ASL Module "com.apple.authd".
Apr 30 07:33:00 localhost syslogd[133]: Configuration Notice:
	ASL Module "com.apple.authd" sharing output destination "/var/log/system.log" with ASL Module "com.apple.asl".
	Output parameters from ASL Module "com.apple.asl" override any specified in ASL Module "com.apple.authd".
Apr 30 07:33:00 localhost syslogd[133]: Configuration Notice:
	ASL Module "com.apple.authd" claims selected messages.
	Those messages may not appear in standard system log files or in the ASL database.
Apr 30 07:33:00 localhost syslogd[133]: Configuration Notice:
	ASL Module "com.apple.eventmonitor" claims selected messages.
	Those messages may not appear in standard system log files or in the ASL database.
Apr 30 07:33:00 localhost syslogd[133]: Configuration Notice:
	ASL Module "com.apple.mail" claims selected messages.
	Those messages may not appear in standard system log files or in the ASL database.
Apr 30 07:33:00 localhost syslogd[133]: Configuration Notice:
	ASL Module "com.apple.performance" claims selected messages.
	Those messages may not appear in standard system log files or in the ASL database.
Apr 30 07:33:00 localhost syslogd[133]: Configuration Notice:
	ASL Module "com.apple.iokit.power" claims selected messages.
	Those messages may not appear in standard system log files or in the ASL database.
Apr 30 07:33:00 localhost syslogd[133]: Configuration Notice:
	ASL Module "com.apple.contacts.ContactsAutocomplete" claims selected messages.
	Those messages may not appear in standard system log files or in the ASL database.
Apr 30 07:33:00 localhost syslogd[133]: Configuration Notice:
	ASL Module "com.apple.mkb" sharing output destination "/private/var/log/keybagd.log" with ASL Module "com.apple.mkb.internal".
	Output parameters from ASL Module "com.apple.mkb.internal" override any specified in ASL Module "com.apple.mkb".
Apr 30 07:33:00 localhost syslogd[133]: Configuration Notice:
	ASL Module "com.apple.mkb" claims selected messages.
	Those messages may not appear in standard system log files or in the ASL database.
Apr 30 07:33:00 localhost syslogd[133]: Configuration Notice:
	ASL Module "com.apple.MessageTracer" claims selected messages.
	Those messages may not appear in standard system log files or in the ASL database.
Apr 30 07:33:00 localhost syslogd[133]: ASL Sender Statistics
Apr 30 07:33:20 AhmedMostafa loginwindow[208]: USER_PROCESS: 208 console
Apr 30 07:43:06 AhmedMostafa syslogd[133]: ASL Sender Statistics
Apr 30 07:54:36 AhmedMostafa syslogd[133]: ASL Sender Statistics
Apr 30 08:05:35 AhmedMostafa syslogd[133]: ASL Sender Statistics
Apr 30 08:18:39 AhmedMostafa syslogd[133]: ASL Sender Statistics
Apr 30 08:31:16 AhmedMostafa syslogd[133]: ASL Sender Statistics
Apr 30 08:44:39 AhmedMostafa syslogd[133]: ASL Sender Statistics
Apr 30 08:55:11 AhmedMostafa sessionlogoutd[7588]: DEAD_PROCESS: 208 console
Apr 30 08:55:11 AhmedMostafa syslogd[133]: ASL Sender Statistics
Apr 30 09:00:26 localhost bootlog[0]: BOOT_TIME 1777564826 0
Apr 30 09:00:35 localhost syslogd[133]: Configuration Notice:
	ASL Module "com.apple.cdscheduler" claims selected messages.
	Those messages may not appear in standard system log files or in the ASL database.
Apr 30 09:00:35 localhost syslogd[133]: Configuration Notice:
	ASL Module "com.apple.install" claims selected messages.
	Those messages may not appear in standard system log files or in the ASL database.
Apr 30 09:00:35 localhost syslogd[133]: Configuration Notice:
	ASL Module "com.apple.authd" sharing output destination "/var/log/asl" with ASL Module "com.apple.asl".
	Output parameters from ASL Module "com.apple.asl" override any specified in ASL Module "com.apple.authd".
Apr 30 09:00:35 localhost syslogd[133]: Configuration Notice:
	ASL Module "com.apple.authd" sharing output destination "/var/log/system.log" with ASL Module "com.apple.asl".
	Output parameters from ASL Module "com.apple.asl" override any specified in ASL Module "com.apple.authd".
Apr 30 09:00:35 localhost syslogd[133]: Configuration Notice:
	ASL Module "com.apple.authd" claims selected messages.
	Those messages may not appear in standard system log files or in the ASL database.
Apr 30 09:00:35 localhost syslogd[133]: Configuration Notice:
	ASL Module "com.apple.eventmonitor" claims selected messages.
	Those messages may not appear in standard system log files or in the ASL database.
Apr 30 09:00:35 localhost syslogd[133]: Configuration Notice:
	ASL Module "com.apple.mail" claims selected messages.
	Those messages may not appear in standard system log files or in the ASL database.
Apr 30 09:00:35 localhost syslogd[133]: Configuration Notice:
	ASL Module "com.apple.performance" claims selected messages.
	Those messages may not appear in standard system log files or in the ASL database.
Apr 30 09:00:35 localhost syslogd[133]: Configuration Notice:
	ASL Module "com.apple.iokit.power" claims selected messages.
	Those messages may not appear in standard system log files or in the ASL database.
Apr 30 09:00:35 localhost syslogd[133]: Configuration Notice:
	ASL Module "com.apple.contacts.ContactsAutocomplete" claims selected messages.
	Those messages may not appear in standard system log files or in the ASL database.
Apr 30 09:00:35 localhost syslogd[133]: Configuration Notice:
	ASL Module "com.apple.mkb" sharing output destination "/private/var/log/keybagd.log" with ASL Module "com.apple.mkb.internal".
	Output parameters from ASL Module "com.apple.mkb.internal" override any specified in ASL Module "com.apple.mkb".
Apr 30 09:00:35 localhost syslogd[133]: Configuration Notice:
	ASL Module "com.apple.mkb" claims selected messages.
	Those messages may not appear in standard system log files or in the ASL database.
Apr 30 09:00:35 localhost syslogd[133]: Configuration Notice:
	ASL Module "com.apple.MessageTracer" claims selected messages.
	Those messages may not appear in standard system log files or in the ASL database.
Apr 30 09:00:35 localhost syslogd[133]: ASL Sender Statistics
Apr 30 09:00:55 AhmedMostafa loginwindow[208]: USER_PROCESS: 208 console
Apr 30 09:11:06 AhmedMostafa syslogd[133]: ASL Sender Statistics
Apr 30 09:24:55 AhmedMostafa syslogd[133]: ASL Sender Statistics
Apr 30 09:35:01 AhmedMostafa syslogd[133]: ASL Sender Statistics
Apr 30 10:05:53 AhmedMostafa syslogd[133]: ASL Sender Statistics
Apr 30 10:15:54 AhmedMostafa syslogd[133]: ASL Sender Statistics
Apr 30 10:35:19 AhmedMostafa syslogd[133]: ASL Sender Statistics
Apr 30 10:45:42 AhmedMostafa syslogd[133]: ASL Sender Statistics
Apr 30 10:57:14 AhmedMostafa syslogd[133]: ASL Sender Statistics
Apr 30 11:07:17 AhmedMostafa syslogd[133]: ASL Sender Statistics
Apr 30 11:07:19 AhmedMostafa sessionlogoutd[7132]: DEAD_PROCESS: 208 console
Apr 30 11:07:19 AhmedMostafa shutdown[7134]: SHUTDOWN_TIME: 1777572439 621229
Apr 30 11:49:53 localhost bootlog[0]: BOOT_TIME 1777574993 0
Apr 30 11:50:02 localhost syslogd[133]: Configuration Notice:
	ASL Module "com.apple.cdscheduler" claims selected messages.
	Those messages may not appear in standard system log files or in the ASL database.
Apr 30 11:50:02 localhost syslogd[133]: Configuration Notice:
	ASL Module "com.apple.install" claims selected messages.
	Those messages may not appear in standard system log files or in the ASL database.
Apr 30 11:50:02 localhost syslogd[133]: Configuration Notice:
	ASL Module "com.apple.authd" sharing output destination "/var/log/asl" with ASL Module "com.apple.asl".
	Output parameters from ASL Module "com.apple.asl" override any specified in ASL Module "com.apple.authd".
Apr 30 11:50:02 localhost syslogd[133]: Configuration Notice:
	ASL Module "com.apple.authd" sharing output destination "/var/log/system.log" with ASL Module "com.apple.asl".
	Output parameters from ASL Module "com.apple.asl" override any specified in ASL Module "com.apple.authd".
Apr 30 11:50:02 localhost syslogd[133]: Configuration Notice:
	ASL Module "com.apple.authd" claims selected messages.
	Those messages may not appear in standard system log files or in the ASL database.
Apr 30 11:50:02 localhost syslogd[133]: Configuration Notice:
	ASL Module "com.apple.eventmonitor" claims selected messages.
	Those messages may not appear in standard system log files or in the ASL database.
Apr 30 11:50:02 localhost syslogd[133]: Configuration Notice:
	ASL Module "com.apple.mail" claims selected messages.
	Those messages may not appear in standard system log files or in the ASL database.
Apr 30 11:50:02 localhost syslogd[133]: Configuration Notice:
	ASL Module "com.apple.performance" claims selected messages.
	Those messages may not appear in standard system log files or in the ASL database.
Apr 30 11:50:02 localhost syslogd[133]: Configuration Notice:
	ASL Module "com.apple.iokit.power" claims selected messages.
	Those messages may not appear in standard system log files or in the ASL database.
Apr 30 11:50:02 localhost syslogd[133]: Configuration Notice:
	ASL Module "com.apple.contacts.ContactsAutocomplete" claims selected messages.
	Those messages may not appear in standard system log files or in the ASL database.
Apr 30 11:50:02 localhost syslogd[133]: Configuration Notice:
	ASL Module "com.apple.mkb" sharing output destination "/private/var/log/keybagd.log" with ASL Module "com.apple.mkb.internal".
	Output parameters from ASL Module "com.apple.mkb.internal" override any specified in ASL Module "com.apple.mkb".
Apr 30 11:50:02 localhost syslogd[133]: Configuration Notice:
	ASL Module "com.apple.mkb" claims selected messages.
	Those messages may not appear in standard system log files or in the ASL database.
Apr 30 11:50:02 localhost syslogd[133]: Configuration Notice:
	ASL Module "com.apple.MessageTracer" claims selected messages.
	Those messages may not appear in standard system log files or in the ASL database.
Apr 30 11:50:02 localhost syslogd[133]: ASL Sender Statistics
Apr 30 11:50:21 AhmedMostafa loginwindow[208]: USER_PROCESS: 208 console
Apr 30 12:00:04 AhmedMostafa syslogd[133]: ASL Sender Statistics
Apr 30 12:01:12 AhmedMostafa sessionlogoutd[1681]: DEAD_PROCESS: 208 console
Apr 30 12:02:54 localhost bootlog[0]: BOOT_TIME 1777575774 0
Apr 30 12:03:03 localhost syslogd[133]: Configuration Notice:
	ASL Module "com.apple.cdscheduler" claims selected messages.
	Those messages may not appear in standard system log files or in the ASL database.
Apr 30 12:03:03 localhost syslogd[133]: Configuration Notice:
	ASL Module "com.apple.install" claims selected messages.
	Those messages may not appear in standard system log files or in the ASL database.
Apr 30 12:03:03 localhost syslogd[133]: Configuration Notice:
	ASL Module "com.apple.authd" sharing output destination "/var/log/asl" with ASL Module "com.apple.asl".
	Output parameters from ASL Module "com.apple.asl" override any specified in ASL Module "com.apple.authd".
Apr 30 12:03:03 localhost syslogd[133]: Configuration Notice:
	ASL Module "com.apple.authd" sharing output destination "/var/log/system.log" with ASL Module "com.apple.asl".
	Output parameters from ASL Module "com.apple.asl" override any specified in ASL Module "com.apple.authd".
Apr 30 12:03:03 localhost syslogd[133]: Configuration Notice:
	ASL Module "com.apple.authd" claims selected messages.
	Those messages may not appear in standard system log files or in the ASL database.
Apr 30 12:03:03 localhost syslogd[133]: Configuration Notice:
	ASL Module "com.apple.eventmonitor" claims selected messages.
	Those messages may not appear in standard system log files or in the ASL database.
Apr 30 12:03:03 localhost syslogd[133]: Configuration Notice:
	ASL Module "com.apple.mail" claims selected messages.
	Those messages may not appear in standard system log files or in the ASL database.
Apr 30 12:03:03 localhost syslogd[133]: Configuration Notice:
	ASL Module "com.apple.performance" claims selected messages.
	Those messages may not appear in standard system log files or in the ASL database.
Apr 30 12:03:03 localhost syslogd[133]: Configuration Notice:
	ASL Module "com.apple.iokit.power" claims selected messages.
	Those messages may not appear in standard system log files or in the ASL database.
Apr 30 12:03:03 localhost syslogd[133]: Configuration Notice:
	ASL Module "com.apple.contacts.ContactsAutocomplete" claims selected messages.
	Those messages may not appear in standard system log files or in the ASL database.
Apr 30 12:03:03 localhost syslogd[133]: Configuration Notice:
	ASL Module "com.apple.mkb" sharing output destination "/private/var/log/keybagd.log" with ASL Module "com.apple.mkb.internal".
	Output parameters from ASL Module "com.apple.mkb.internal" override any specified in ASL Module "com.apple.mkb".
Apr 30 12:03:03 localhost syslogd[133]: Configuration Notice:
	ASL Module "com.apple.mkb" claims selected messages.
	Those messages may not appear in standard system log files or in the ASL database.
Apr 30 12:03:03 localhost syslogd[133]: Configuration Notice:
	ASL Module "com.apple.MessageTracer" claims selected messages.
	Those messages may not appear in standard system log files or in the ASL database.
Apr 30 12:03:03 localhost syslogd[133]: ASL Sender Statistics
Apr 30 12:03:52 AhmedMostafa loginwindow[208]: USER_PROCESS: 208 console
Apr 30 12:15:24 AhmedMostafa syslogd[133]: ASL Sender Statistics
Apr 30 12:25:26 AhmedMostafa syslogd[133]: ASL Sender Statistics
Apr 30 12:36:13 AhmedMostafa syslogd[133]: ASL Sender Statistics
Apr 30 12:46:17 AhmedMostafa syslogd[133]: ASL Sender Statistics
Apr 30 13:04:04 AhmedMostafa syslogd[133]: ASL Sender Statistics
Apr 30 13:27:01 localhost bootlog[0]: BOOT_TIME 1777580821 0
Apr 30 13:27:10 localhost syslogd[133]: Configuration Notice:
	ASL Module "com.apple.cdscheduler" claims selected messages.
	Those messages may not appear in standard system log files or in the ASL database.
Apr 30 13:27:10 localhost syslogd[133]: Configuration Notice:
	ASL Module "com.apple.install" claims selected messages.
	Those messages may not appear in standard system log files or in the ASL database.
Apr 30 13:27:10 localhost syslogd[133]: Configuration Notice:
	ASL Module "com.apple.authd" sharing output destination "/var/log/asl" with ASL Module "com.apple.asl".
	Output parameters from ASL Module "com.apple.asl" override any specified in ASL Module "com.apple.authd".
Apr 30 13:27:10 localhost syslogd[133]: Configuration Notice:
	ASL Module "com.apple.authd" sharing output destination "/var/log/system.log" with ASL Module "com.apple.asl".
	Output parameters from ASL Module "com.apple.asl" override any specified in ASL Module "com.apple.authd".
Apr 30 13:27:10 localhost syslogd[133]: Configuration Notice:
	ASL Module "com.apple.authd" claims selected messages.
	Those messages may not appear in standard system log files or in the ASL database.
Apr 30 13:27:10 localhost syslogd[133]: Configuration Notice:
	ASL Module "com.apple.eventmonitor" claims selected messages.
	Those messages may not appear in standard system log files or in the ASL database.
Apr 30 13:27:10 localhost syslogd[133]: Configuration Notice:
	ASL Module "com.apple.mail" claims selected messages.
	Those messages may not appear in standard system log files or in the ASL database.
Apr 30 13:27:10 localhost syslogd[133]: Configuration Notice:
	ASL Module "com.apple.performance" claims selected messages.
	Those messages may not appear in standard system log files or in the ASL database.
Apr 30 13:27:10 localhost syslogd[133]: Configuration Notice:
	ASL Module "com.apple.iokit.power" claims selected messages.
	Those messages may not appear in standard system log files or in the ASL database.
Apr 30 13:27:10 localhost syslogd[133]: Configuration Notice:
	ASL Module "com.apple.contacts.ContactsAutocomplete" claims selected messages.
	Those messages may not appear in standard system log files or in the ASL database.
Apr 30 13:27:10 localhost syslogd[133]: Configuration Notice:
	ASL Module "com.apple.mkb" sharing output destination "/private/var/log/keybagd.log" with ASL Module "com.apple.mkb.internal".
	Output parameters from ASL Module "com.apple.mkb.internal" override any specified in ASL Module "com.apple.mkb".
Apr 30 13:27:10 localhost syslogd[133]: Configuration Notice:
	ASL Module "com.apple.mkb" claims selected messages.
	Those messages may not appear in standard system log files or in the ASL database.
Apr 30 13:27:10 localhost syslogd[133]: Configuration Notice:
	ASL Module "com.apple.MessageTracer" claims selected messages.
	Those messages may not appear in standard system log files or in the ASL database.
Apr 30 13:27:10 localhost syslogd[133]: ASL Sender Statistics
Apr 30 13:28:21 AhmedMostafa loginwindow[208]: USER_PROCESS: 208 console
Apr 30 13:37:10 AhmedMostafa syslogd[133]: ASL Sender Statistics
Apr 30 13:47:53 AhmedMostafa syslogd[133]: ASL Sender Statistics
Apr 30 13:58:56 AhmedMostafa syslogd[133]: ASL Sender Statistics
Apr 30 14:20:00 localhost bootlog[0]: BOOT_TIME 1777584000 0
Apr 30 14:20:09 localhost syslogd[133]: Configuration Notice:
	ASL Module "com.apple.cdscheduler" claims selected messages.
	Those messages may not appear in standard system log files or in the ASL database.
Apr 30 14:20:09 localhost syslogd[133]: Configuration Notice:
	ASL Module "com.apple.install" claims selected messages.
	Those messages may not appear in standard system log files or in the ASL database.
Apr 30 14:20:09 localhost syslogd[133]: Configuration Notice:
	ASL Module "com.apple.authd" sharing output destination "/var/log/asl" with ASL Module "com.apple.asl".
	Output parameters from ASL Module "com.apple.asl" override any specified in ASL Module "com.apple.authd".
Apr 30 14:20:09 localhost syslogd[133]: Configuration Notice:
	ASL Module "com.apple.authd" sharing output destination "/var/log/system.log" with ASL Module "com.apple.asl".
	Output parameters from ASL Module "com.apple.asl" override any specified in ASL Module "com.apple.authd".
Apr 30 14:20:09 localhost syslogd[133]: Configuration Notice:
	ASL Module "com.apple.authd" claims selected messages.
	Those messages may not appear in standard system log files or in the ASL database.
Apr 30 14:20:09 localhost syslogd[133]: Configuration Notice:
	ASL Module "com.apple.eventmonitor" claims selected messages.
	Those messages may not appear in standard system log files or in the ASL database.
Apr 30 14:20:09 localhost syslogd[133]: Configuration Notice:
	ASL Module "com.apple.mail" claims selected messages.
	Those messages may not appear in standard system log files or in the ASL database.
Apr 30 14:20:09 localhost syslogd[133]: Configuration Notice:
	ASL Module "com.apple.performance" claims selected messages.
	Those messages may not appear in standard system log files or in the ASL database.
Apr 30 14:20:09 localhost syslogd[133]: Configuration Notice:
	ASL Module "com.apple.iokit.power" claims selected messages.
	Those messages may not appear in standard system log files or in the ASL database.
Apr 30 14:20:09 localhost syslogd[133]: Configuration Notice:
	ASL Module "com.apple.contacts.ContactsAutocomplete" claims selected messages.
	Those messages may not appear in standard system log files or in the ASL database.
Apr 30 14:20:09 localhost syslogd[133]: Configuration Notice:
	ASL Module "com.apple.mkb" sharing output destination "/private/var/log/keybagd.log" with ASL Module "com.apple.mkb.internal".
	Output parameters from ASL Module "com.apple.mkb.internal" override any specified in ASL Module "com.apple.mkb".
Apr 30 14:20:09 localhost syslogd[133]: Configuration Notice:
	ASL Module "com.apple.mkb" claims selected messages.
	Those messages may not appear in standard system log files or in the ASL database.
Apr 30 14:20:09 localhost syslogd[133]: Configuration Notice:
	ASL Module "com.apple.MessageTracer" claims selected messages.
	Those messages may not appear in standard system log files or in the ASL database.
Apr 30 14:20:09 localhost syslogd[133]: ASL Sender Statistics
Apr 30 14:20:29 AhmedMostafa loginwindow[209]: USER_PROCESS: 209 console
Apr 30 14:30:31 AhmedMostafa syslogd[133]: ASL Sender Statistics
Apr 30 14:40:32 AhmedMostafa syslogd[133]: ASL Sender Statistics
Apr 30 14:50:44 AhmedMostafa syslogd[133]: ASL Sender Statistics
Apr 30 14:57:47 AhmedMostafa login[4497]: USER_PROCESS: 4497 ttys004
Apr 30 15:05:59 AhmedMostafa login[4497]: DEAD_PROCESS: 4497 ttys004
Apr 30 15:05:59 AhmedMostafa syslogd[133]: ASL Sender Statistics
Apr 30 15:26:07 AhmedMostafa syslogd[133]: ASL Sender Statistics
Apr 30 15:33:41 AhmedMostafa login[7819]: USER_PROCESS: 7819 ttys004
Apr 30 15:33:50 AhmedMostafa login[7819]: DEAD_PROCESS: 7819 ttys004
Apr 30 15:33:58 AhmedMostafa login[7851]: USER_PROCESS: 7851 ttys004
Apr 30 15:34:46 AhmedMostafa login[7851]: DEAD_PROCESS: 7851 ttys004
Apr 30 15:36:12 AhmedMostafa syslogd[133]: ASL Sender Statistics
Apr 30 15:46:19 AhmedMostafa syslogd[133]: ASL Sender Statistics
Apr 30 15:57:14 AhmedMostafa syslogd[133]: ASL Sender Statistics
Apr 30 16:07:20 AhmedMostafa syslogd[133]: ASL Sender Statistics
Apr 30 16:17:28 AhmedMostafa syslogd[133]: ASL Sender Statistics
Apr 30 16:21:43 AhmedMostafa sessionlogoutd[9049]: DEAD_PROCESS: 209 console
Apr 30 16:21:43 AhmedMostafa shutdown[9055]: SHUTDOWN_TIME: 1777591303 752446
May  1 04:09:37 localhost bootlog[0]: BOOT_TIME 1777633777 0
May  1 04:09:46 localhost syslogd[133]: Configuration Notice:
	ASL Module "com.apple.cdscheduler" claims selected messages.
	Those messages may not appear in standard system log files or in the ASL database.
May  1 04:09:46 localhost syslogd[133]: Configuration Notice:
	ASL Module "com.apple.install" claims selected messages.
	Those messages may not appear in standard system log files or in the ASL database.
May  1 04:09:46 localhost syslogd[133]: Configuration Notice:
	ASL Module "com.apple.authd" sharing output destination "/var/log/asl" with ASL Module "com.apple.asl".
	Output parameters from ASL Module "com.apple.asl" override any specified in ASL Module "com.apple.authd".
May  1 04:09:46 localhost syslogd[133]: Configuration Notice:
	ASL Module "com.apple.authd" sharing output destination "/var/log/system.log" with ASL Module "com.apple.asl".
	Output parameters from ASL Module "com.apple.asl" override any specified in ASL Module "com.apple.authd".
May  1 04:09:46 localhost syslogd[133]: Configuration Notice:
	ASL Module "com.apple.authd" claims selected messages.
	Those messages may not appear in standard system log files or in the ASL database.
May  1 04:09:46 localhost syslogd[133]: Configuration Notice:
	ASL Module "com.apple.eventmonitor" claims selected messages.
	Those messages may not appear in standard system log files or in the ASL database.
May  1 04:09:46 localhost syslogd[133]: Configuration Notice:
	ASL Module "com.apple.mail" claims selected messages.
	Those messages may not appear in standard system log files or in the ASL database.
May  1 04:09:46 localhost syslogd[133]: Configuration Notice:
	ASL Module "com.apple.performance" claims selected messages.
	Those messages may not appear in standard system log files or in the ASL database.
May  1 04:09:46 localhost syslogd[133]: Configuration Notice:
	ASL Module "com.apple.iokit.power" claims selected messages.
	Those messages may not appear in standard system log files or in the ASL database.
May  1 04:09:46 localhost syslogd[133]: Configuration Notice:
	ASL Module "com.apple.contacts.ContactsAutocomplete" claims selected messages.
	Those messages may not appear in standard system log files or in the ASL database.
May  1 04:09:46 localhost syslogd[133]: Configuration Notice:
	ASL Module "com.apple.mkb" sharing output destination "/private/var/log/keybagd.log" with ASL Module "com.apple.mkb.internal".
	Output parameters from ASL Module "com.apple.mkb.internal" override any specified in ASL Module "com.apple.mkb".
May  1 04:09:46 localhost syslogd[133]: Configuration Notice:
	ASL Module "com.apple.mkb" claims selected messages.
	Those messages may not appear in standard system log files or in the ASL database.
May  1 04:09:46 localhost syslogd[133]: Configuration Notice:
	ASL Module "com.apple.MessageTracer" claims selected messages.
	Those messages may not appear in standard system log files or in the ASL database.
May  1 04:09:46 localhost syslogd[133]: ASL Sender Statistics
May  1 04:10:48 AhmedMostafa loginwindow[210]: USER_PROCESS: 210 console
May  1 04:25:20 AhmedMostafa syslogd[133]: ASL Sender Statistics
May  1 04:45:23 AhmedMostafa syslogd[133]: ASL Sender Statistics
May  1 04:56:07 AhmedMostafa syslogd[133]: ASL Sender Statistics
May  1 05:22:00 AhmedMostafa syslogd[133]: ASL Sender Statistics
May  1 05:34:34 AhmedMostafa syslogd[133]: ASL Sender Statistics
May  1 05:53:34 AhmedMostafa syslogd[133]: ASL Sender Statistics
May  1 06:04:22 AhmedMostafa syslogd[133]: ASL Sender Statistics
May  1 06:25:53 AhmedMostafa syslogd[133]: ASL Sender Statistics
May  1 07:04:24 AhmedMostafa syslogd[133]: ASL Sender Statistics
May  1 07:20:25 AhmedMostafa syslogd[133]: ASL Sender Statistics
May  1 07:36:59 AhmedMostafa syslogd[133]: ASL Sender Statistics
May  1 07:54:36 AhmedMostafa syslogd[133]: ASL Sender Statistics
May  1 08:10:36 AhmedMostafa syslogd[133]: ASL Sender Statistics
May  1 08:26:39 AhmedMostafa syslogd[133]: ASL Sender Statistics
May  1 08:49:57 AhmedMostafa syslogd[133]: ASL Sender Statistics
May  1 09:02:38 AhmedMostafa syslogd[133]: ASL Sender Statistics
May  1 09:16:11 AhmedMostafa syslogd[133]: ASL Sender Statistics
May  1 09:26:21 AhmedMostafa syslogd[133]: ASL Sender Statistics
May  1 10:03:22 AhmedMostafa syslogd[133]: ASL Sender Statistics
May  1 10:18:04 AhmedMostafa syslogd[133]: ASL Sender Statistics
May  1 10:30:20 AhmedMostafa syslogd[133]: ASL Sender Statistics
May  1 10:41:31 AhmedMostafa syslogd[133]: ASL Sender Statistics
May  1 11:01:57 AhmedMostafa syslogd[133]: ASL Sender Statistics
May  1 11:39:42 AhmedMostafa syslogd[133]: ASL Sender Statistics
May  1 11:48:16 AhmedMostafa sessionlogoutd[11418]: DEAD_PROCESS: 210 console
May  1 11:48:16 AhmedMostafa shutdown[11420]: SHUTDOWN_TIME: 1777661296 408774
May  1 11:49:23 localhost bootlog[0]: BOOT_TIME 1777661363 0
May  1 11:49:31 localhost syslogd[133]: Configuration Notice:
	ASL Module "com.apple.cdscheduler" claims selected messages.
	Those messages may not appear in standard system log files or in the ASL database.
May  1 11:49:31 localhost syslogd[133]: Configuration Notice:
	ASL Module "com.apple.install" claims selected messages.
	Those messages may not appear in standard system log files or in the ASL database.
May  1 11:49:31 localhost syslogd[133]: Configuration Notice:
	ASL Module "com.apple.authd" sharing output destination "/var/log/asl" with ASL Module "com.apple.asl".
	Output parameters from ASL Module "com.apple.asl" override any specified in ASL Module "com.apple.authd".
May  1 11:49:31 localhost syslogd[133]: Configuration Notice:
	ASL Module "com.apple.authd" sharing output destination "/var/log/system.log" with ASL Module "com.apple.asl".
	Output parameters from ASL Module "com.apple.asl" override any specified in ASL Module "com.apple.authd".
May  1 11:49:31 localhost syslogd[133]: Configuration Notice:
	ASL Module "com.apple.authd" claims selected messages.
	Those messages may not appear in standard system log files or in the ASL database.
May  1 11:49:31 localhost syslogd[133]: Configuration Notice:
	ASL Module "com.apple.eventmonitor" claims selected messages.
	Those messages may not appear in standard system log files or in the ASL database.
May  1 11:49:31 localhost syslogd[133]: Configuration Notice:
	ASL Module "com.apple.mail" claims selected messages.
	Those messages may not appear in standard system log files or in the ASL database.
May  1 11:49:31 localhost syslogd[133]: Configuration Notice:
	ASL Module "com.apple.performance" claims selected messages.
	Those messages may not appear in standard system log files or in the ASL database.
May  1 11:49:31 localhost syslogd[133]: Configuration Notice:
	ASL Module "com.apple.iokit.power" claims selected messages.
	Those messages may not appear in standard system log files or in the ASL database.
May  1 11:49:31 localhost syslogd[133]: Configuration Notice:
	ASL Module "com.apple.contacts.ContactsAutocomplete" claims selected messages.
	Those messages may not appear in standard system log files or in the ASL database.
May  1 11:49:31 localhost syslogd[133]: Configuration Notice:
	ASL Module "com.apple.mkb" sharing output destination "/private/var/log/keybagd.log" with ASL Module "com.apple.mkb.internal".
	Output parameters from ASL Module "com.apple.mkb.internal" override any specified in ASL Module "com.apple.mkb".
May  1 11:49:31 localhost syslogd[133]: Configuration Notice:
	ASL Module "com.apple.mkb" claims selected messages.
	Those messages may not appear in standard system log files or in the ASL database.
May  1 11:49:31 localhost syslogd[133]: Configuration Notice:
	ASL Module "com.apple.MessageTracer" claims selected messages.
	Those messages may not appear in standard system log files or in the ASL database.
May  1 11:49:31 localhost syslogd[133]: ASL Sender Statistics
May  1 11:49:53 AhmedMostafa loginwindow[208]: USER_PROCESS: 208 console
May  1 12:01:22 AhmedMostafa syslogd[133]: ASL Sender Statistics
May  1 12:08:58 AhmedMostafa login[2697]: USER_PROCESS: 2697 ttys004
May  1 12:22:32 AhmedMostafa syslogd[133]: ASL Sender Statistics
